id,PageRankRank
330,1
178,2
1472,3
3001,4
2816,5
1020,6
1188,7
191,8
41,9
3253,10
2328,11
1282,12
1853,13
121,14
2852,15
3161,16
3758,17
632,18
3555,19
2784,20
2587,21
54,22
3862,23
4483,24
1410,25
937,26
2458,27
2416,28
3292,29
3840,30
709,31
1885,32
3906,33
1904,34
2319,35
2686,36
3294,37
1901,38
549,39
2044,40
2732,41
2747,42
2187,43
618,44
1702,45
6335,46
6464,47
6348,48
458,49
4803,50
5014,51
3011,52
424,53
4400,54
2650,55
678,56
1573,57
2093,58
200,59
1464,60
2391,61
6446,62
4509,63
1814,64
1952,65
2139,66
6452,67
2186,68
47,69
350,70
2572,71
2794,72
1766,73
4185,74
530,75
2238,76
562,77
941,78
1670,79
6449,80
3605,81
2125,82
998,83
1966,84
2978,85
1183,86
99,87
1523,88
558,89
2237,90
5571,91
248,92
1621,93
1954,94
1925,95
3773,96
3679,97
7222,98
3387,99
2019,100
5417,101
865,102
3453,103
2966,104
3304,105
2459,106
2108,107
1761,108
3964,109
5523,110
1431,111
7154,112
2056,113
1370,114
1603,115
326,116
3963,117
21,118
2329,119
1346,120
3606,121
583,122
3959,123
1323,124
3849,125
3630,126
578,127
2205,128
3559,129
1019,130
3309,131
2419,132
2468,133
26,134
2385,135
3543,136
46,137
3422,138
2378,139
3658,140
893,141
3378,142
473,143
2150,144
7509,145
1989,146
1361,147
4355,148
4596,149
4633,150
3514,151
539,152
5303,153
2384,154
4356,155
844,156
2045,157
3986,158
1820,159
1285,160
2850,161
4876,162
388,163
2133,164
1912,165
1357,166
3282,167
4,168
2940,169
4638,170
1786,171
2047,172
1474,173
293,174
754,175
4972,176
40,177
6487,178
748,179
1606,180
1935,181
2826,182
2277,183
3221,184
4917,185
7192,186
3110,187
1046,188
2173,189
2521,190
1259,191
4516,192
4679,193
3584,194
4280,195
3108,196
2220,197
3341,198
1601,199
7161,200
3380,201
6907,202
4025,203
2866,204
759,205
3174,206
325,207
4783,208
976,209
5148,210
2591,211
6286,212
4609,213
1253,214
3602,215
3735,216
2539,217
2398,218
5356,219
413,220
1265,221
1612,222
1201,223
575,224
4297,225
3842,226
710,227
3620,228
1591,229
2630,230
2554,231
3472,232
5231,233
309,234
4286,235
1167,236
2460,237
2581,238
2097,239
2057,240
459,241
385,242
4134,243
3019,244
978,245
2847,246
7133,247
6548,248
2660,249
5163,250
969,251
2592,252
5489,253
6300,254
1722,255
4283,256
4032,257
3627,258
1785,259
7413,260
547,261
1200,262
3805,263
1965,264
4274,265
33,266
4452,267
1898,268
4262,269
4814,270
2199,271
3072,272
3506,273
1254,274
4037,275
7451,276
2871,277
3062,278
1098,279
4295,280
3720,281
3446,282
3569,283
2091,284
2586,285
5450,286
3546,287
2636,288
5077,289
2155,290
5657,291
3841,292
329,293
3180,294
5451,295
6624,296
1940,297
1568,298
3364,299
2266,300
5085,301
4194,302
4237,303
2321,304
1451,305
3516,306
3836,307
888,308
6522,309
8384,310
4023,311
6295,312
1091,313
2649,314
739,315
7298,316
1697,317
7501,318
2995,319
4275,320
1880,321
4145,322
7790,323
2037,324
4241,325
4389,326
2781,327
5070,328
4038,329
4690,330
3728,331
3068,332
2410,333
2723,334
811,335
5142,336
2504,337
1821,338
7165,339
1834,340
1302,341
3032,342
5308,343
205,344
2485,345
4524,346
2629,347
5059,348
801,349
4369,350
4506,351
3037,352
5587,353
1530,354
1160,355
1602,356
6406,357
5196,358
6644,359
734,360
485,361
6486,362
347,363
1559,364
3866,365
3452,366
5282,367
3932,368
1398,369
2683,370
6545,371
2744,372
3552,373
5305,374
6347,375
7190,376
3125,377
3967,378
4132,379
4684,380
6637,381
2449,382
2143,383
4022,384
3213,385
2050,386
6661,387
4943,388
3408,389
620,390
7235,391
2231,392
636,393
3388,394
3844,395
3050,396
2432,397
2258,398
2977,399
3567,400
6457,401
124,402
4455,403
3929,404
1074,405
3124,406
3118,407
4933,408
769,409
3845,410
4379,411
7269,412
3828,413
3188,414
1616,415
2382,416
3724,417
4913,418
2992,419
230,420
5273,421
4279,422
172,423
4270,424
6349,425
6621,426
5623,427
8086,428
1030,429
4070,430
5197,431
4851,432
5602,433
2175,434
521,435
2315,436
6798,437
1707,438
1922,439
4227,440
2215,441
2383,442
2193,443
8333,444
1047,445
3203,446
2484,447
2263,448
4113,449
364,450
343,451
6333,452
4889,453
1174,454
2797,455
4879,456
4729,457
2142,458
3882,459
4344,460
2701,461
8016,462
1278,463
1066,464
6268,465
5174,466
4892,467
4285,468
1185,469
3777,470
732,471
7405,472
2699,473
2603,474
2206,475
2338,476
2461,477
3722,478
6415,479
2577,480
1252,481
4903,482
1173,483
1666,484
8539,485
1934,486
4708,487
5155,488
4112,489
5030,490
7461,491
3436,492
2262,493
764,494
3426,495
4953,496
2951,497
7576,498
7578,499
3982,500
1235,501
8169,502
7459,503
6559,504
8972,505
2032,506
2429,507
7877,508
3821,509
3779,510
2676,511
8445,512
386,513
3601,514
391,515
7337,516
2647,517
8451,518
3394,519
1449,520
2267,521
3668,522
5539,523
4767,524
4608,525
6471,526
4247,527
2830,528
5004,529
2557,530
7447,531
3229,532
7212,533
4439,534
2604,535
7160,536
6868,537
2608,538
2889,539
3377,540
8110,541
1491,542
5328,543
1505,544
8318,545
4269,546
736,547
7158,548
8713,549
3670,550
182,551
6374,552
3539,553
3809,554
3673,555
2559,556
489,557
4828,558
6605,559
3249,560
2293,561
5643,562
4931,563
8864,564
8865,565
8867,566
291,567
1872,568
1796,569
6631,570
1037,571
6407,572
4401,573
4163,574
5250,575
418,576
4206,577
2628,578
3056,579
6413,580
5638,581
4110,582
4217,583
6612,584
3580,585
2983,586
1542,587
7307,588
4128,589
1736,590
3437,591
2223,592
6278,593
6992,594
7879,595
2026,596
6360,597
5123,598
471,599
5467,600
8124,601
4671,602
8276,603
7526,604
5161,605
2776,606
5210,607
2081,608
1926,609
4051,610
2336,611
210,612
8201,613
4663,614
3409,615
4782,616
8701,617
1026,618
7249,619
6653,620
6717,621
5348,622
1590,623
880,624
4072,625
3746,626
4805,627
2132,628
4174,629
7755,630
2194,631
2190,632
373,633
5535,634
6400,635
1376,636
6320,637
3694,638
5118,639
7145,640
8011,641
2789,642
7335,643
8210,644
2214,645
3562,646
3961,647
3910,648
3908,649
2690,650
3400,651
8096,652
757,653
1059,654
5265,655
5266,656
5267,657
1404,658
827,659
1196,660
6783,661
3544,662
7903,663
4993,664
5026,665
2998,666
7726,667
3152,668
1582,669
3613,670
2673,671
2428,672
6780,673
4341,674
5656,675
5404,676
5589,677
6804,678
1778,679
4709,680
4201,681
4085,682
1792,683
3363,684
6737,685
7297,686
1522,687
8474,688
3322,689
3109,690
2726,691
3631,692
3500,693
2272,694
8037,695
6531,696
5668,697
4515,698
6339,699
3537,700
19,701
5318,702
5185,703
7344,704
7277,705
7152,706
5236,707
8612,708
3451,709
3725,710
7432,711
1004,712
403,713
4300,714
6476,715
3643,716
4383,717
4272,718
2000,719
5496,720
4890,721
4891,722
2010,723
7967,724
2956,725
1031,726
5558,727
4435,728
7182,729
53,730
371,731
6707,732
5441,733
6306,734
184,735
4101,736
4031,737
6514,738
4533,739
2467,740
686,741
1456,742
1033,743
6756,744
3839,745
2169,746
5372,747
3325,748
5636,749
1661,750
2911,751
1632,752
3558,753
8173,754
8172,755
7100,756
7720,757
9278,758
3455,759
7318,760
3935,761
7824,762
3087,763
5201,764
7990,765
4137,766
144,767
3886,768
3761,769
8261,770
6578,771
6768,772
2965,773
5541,774
6751,775
1964,776
6323,777
67,778
4923,779
4682,780
2724,781
393,782
3055,783
6686,784
5200,785
2652,786
3288,787
4090,788
2260,789
125,790
6376,791
8289,792
1839,793
6373,794
6371,795
3864,796
4568,797
4024,798
2127,799
4406,800
6301,801
5341,802
4459,803
6789,804
2748,805
7610,806
8060,807
2927,808
4675,809
8310,810
2899,811
2540,812
2579,813
7251,814
5296,815
6310,816
8003,817
3510,818
8064,819
3775,820
3933,821
1482,822
6493,823
5013,824
5293,825
5672,826
5414,827
4513,828
5620,829
3885,830
8455,831
3034,832
4567,833
1141,834
4959,835
8889,836
3234,837
7386,838
3401,839
95,840
4519,841
2371,842
5506,843
3641,844
8929,845
6443,846
7633,847
7682,848
1946,849
6422,850
4398,851
7424,852
7178,853
6967,854
7895,855
3896,856
3897,857
7598,858
6840,859
6837,860
3907,861
1171,862
5276,863
4905,864
2821,865
4971,866
4754,867
2909,868
7917,869
8300,870
100,871
3608,872
202,873
3126,874
5127,875
4376,876
6553,877
475,878
4947,879
6409,880
3573,881
6504,882
2839,883
3911,884
7067,885
595,886
8099,887
4747,888
2678,889
4446,890
3614,891
8557,892
8555,893
8556,894
4219,895
5669,896
2318,897
7692,898
106,899
4067,900
6944,901
6938,902
6939,903
3940,904
4562,905
8841,906
6558,907
3430,908
6765,909
6764,910
2076,911
630,912
6597,913
7965,914
3823,915
3334,916
5686,917
4035,918
281,919
3330,920
8055,921
3916,922
3696,923
4261,924
6551,925
1917,926
3361,927
4147,928
3335,929
7142,930
6736,931
2589,932
4074,933
5165,934
5220,935
380,936
857,937
7053,938
7725,939
4220,940
3460,941
8356,942
1759,943
2145,944
2760,945
3136,946
377,947
1313,948
1101,949
1227,950
268,951
7050,952
7103,953
259,954
5176,955
1415,956
4505,957
2490,958
3263,959
2743,960
7795,961
52,962
4314,963
5050,964
213,965
1462,966
7072,967
7371,968
8041,969
2095,970
3284,971
3648,972
890,973
7319,974
4735,975
6620,976
641,977
3791,978
2084,979
3880,980
5274,981
5350,982
2508,983
534,984
5260,985
5143,986
5146,987
4033,988
7242,989
6480,990
4652,991
518,992
524,993
4698,994
5178,995
8515,996
6274,997
6523,998
3366,999
7978,1000
3776,1001
6953,1002
2622,1003
3145,1004
7909,1005
5291,1006
4667,1007
5498,1008
4284,1009
7284,1010
8569,1011
345,1012
7315,1013
7916,1014
7928,1015
4517,1016
7027,1017
5364,1018
4741,1019
3628,1020
5550,1021
6685,1022
3869,1023
7252,1024
7389,1025
2372,1026
557,1027
4534,1028
6643,1029
1016,1030
8636,1031
8635,1032
8285,1033
3554,1034
3069,1035
6478,1036
12,1037
359,1038
2425,1039
4232,1040
308,1041
4322,1042
1280,1043
334,1044
3827,1045
2843,1046
6343,1047
1556,1048
8018,1049
5468,1050
3345,1051
3344,1052
8976,1053
4357,1054
3375,1055
1501,1056
7575,1057
6586,1058
8571,1059
150,1060
6322,1061
4010,1062
6677,1063
6507,1064
4941,1065
1815,1066
5202,1067
5309,1068
7735,1069
6573,1070
3167,1071
698,1072
1403,1073
2813,1074
3736,1075
3895,1076
5096,1077
6583,1078
8048,1079
1547,1080
1347,1081
846,1082
7730,1083
7102,1084
8014,1085
6687,1086
4580,1087
7415,1088
216,1089
7438,1090
488,1091
2245,1092
75,1093
5298,1094
3538,1095
5132,1096
4556,1097
8389,1098
3787,1099
1152,1100
270,1101
271,1102
2520,1103
284,1104
3782,1105
2118,1106
758,1107
5594,1108
5596,1109
2758,1110
2644,1111
8424,1112
5688,1113
5288,1114
2631,1115
2585,1116
5534,1117
5149,1118
6391,1119
6418,1120
2736,1121
8643,1122
7186,1123
111,1124
2387,1125
3740,1126
3060,1127
7253,1128
5625,1129
7400,1130
6799,1131
4854,1132
8507,1133
2092,1134
4039,1135
932,1136
8606,1137
56,1138
5473,1139
929,1140
930,1141
7436,1142
7435,1143
1310,1144
5344,1145
1149,1146
7878,1147
2590,1148
6995,1149
7876,1150
7523,1151
7669,1152
7150,1153
1392,1154
7243,1155
7347,1156
3212,1157
265,1158
8778,1159
8780,1160
8781,1161
8779,1162
8777,1163
7524,1164
4339,1165
4089,1166
3763,1167
1531,1168
1028,1169
3976,1170
134,1171
5246,1172
5301,1173
2438,1174
1828,1175
4730,1176
6641,1177
6309,1178
8252,1179
7248,1180
7138,1181
1701,1182
3759,1183
4462,1184
1189,1185
3333,1186
3386,1187
6269,1188
3093,1189
2964,1190
2563,1191
8069,1192
8802,1193
8364,1194
4802,1195
4801,1196
3973,1197
5083,1198
246,1199
4856,1200
135,1201
3800,1202
5641,1203
30,1204
28,1205
7653,1206
6791,1207
8743,1208
3593,1209
4240,1210
8616,1211
7204,1212
2389,1213
5553,1214
8215,1215
4094,1216
1762,1217
2643,1218
3607,1219
1138,1220
4004,1221
3242,1222
8217,1223
8213,1224
3950,1225
8724,1226
4727,1227
7320,1228
3745,1229
3407,1230
3874,1231
8123,1232
1843,1233
7370,1234
2404,1235
7398,1236
3991,1237
7177,1238
7176,1239
7175,1240
476,1241
3619,1242
3853,1243
3825,1244
1679,1245
4229,1246
4368,1247
315,1248
5586,1249
7485,1250
7484,1251
8542,1252
5536,1253
7966,1254
6862,1255
8304,1256
4423,1257
4266,1258
5670,1259
2222,1260
667,1261
3171,1262
331,1263
7646,1264
7236,1265
7238,1266
3812,1267
5465,1268
3574,1269
4017,1270
7239,1271
913,1272
912,1273
5222,1274
4982,1275
4345,1276
4268,1277
8532,1278
5225,1279
6630,1280
4264,1281
8688,1282
8689,1283
6502,1284
8045,1285
3749,1286
5193,1287
1485,1288
4809,1289
8351,1290
4428,1291
8369,1292
6793,1293
2487,1294
1867,1295
7218,1296
2708,1297
9192,1298
4049,1299
4057,1300
4320,1301
5251,1302
6303,1303
1064,1304
7630,1305
7417,1306
4475,1307
642,1308
4975,1309
2841,1310
1050,1311
4673,1312
5422,1313
1056,1314
7331,1315
1674,1316
1673,1317
8307,1318
4388,1319
716,1320
3492,1321
7247,1322
2229,1323
7013,1324
2809,1325
2808,1326
8297,1327
5314,1328
5315,1329
5003,1330
1643,1331
3708,1332
2570,1333
1298,1334
1359,1335
1345,1336
2783,1337
3207,1338
2401,1339
8510,1340
1507,1341
8665,1342
8666,1343
4865,1344
3531,1345
7416,1346
7058,1347
7059,1348
6679,1349
6678,1350
6533,1351
1369,1352
7207,1353
8844,1354
8843,1355
6980,1356
9030,1357
3411,1358
6949,1359
8050,1360
8051,1361
5234,1362
4192,1363
1453,1364
7951,1365
419,1366
3719,1367
8089,1368
869,1369
5206,1370
5478,1371
721,1372
3200,1373
7869,1374
140,1375
3138,1376
190,1377
7227,1378
2553,1379
1930,1380
8128,1381
6439,1382
4554,1383
4553,1384
2040,1385
2343,1386
2310,1387
3550,1388
5463,1389
4503,1390
6279,1391
2967,1392
4977,1393
2366,1394
1648,1395
2465,1396
4325,1397
4595,1398
7706,1399
448,1400
8899,1401
8262,1402
4795,1403
8137,1404
8136,1405
4348,1406
5588,1407
8075,1408
8001,1409
4321,1410
5066,1411
8551,1412
2160,1413
2774,1414
3065,1415
8473,1416
5637,1417
8999,1418
9000,1419
7412,1420
2049,1421
6408,1422
2483,1423
7486,1424
2004,1425
4762,1426
2825,1427
1219,1428
4669,1429
466,1430
5218,1431
8181,1432
7902,1433
7901,1434
4211,1435
5125,1436
8527,1437
3978,1438
4395,1439
4768,1440
4720,1441
2737,1442
3045,1443
1258,1444
6282,1445
221,1446
1873,1447
6628,1448
6511,1449
7888,1450
1635,1451
7899,1452
7898,1453
7897,1454
2780,1455
6958,1456
7223,1457
4538,1458
1151,1459
4009,1460
4007,1461
3410,1462
2184,1463
6575,1464
6574,1465
8047,1466
3656,1467
3589,1468
3592,1469
8404,1470
8402,1471
1002,1472
2264,1473
176,1474
3347,1475
7127,1476
3618,1477
1057,1478
4472,1479
2583,1480
7904,1481
4639,1482
1890,1483
1518,1484
245,1485
5336,1486
5156,1487
5237,1488
3704,1489
283,1490
7973,1491
8076,1492
6600,1493
8073,1494
8176,1495
7288,1496
7289,1497
7351,1498
7623,1499
2433,1500
3721,1501
7991,1502
2762,1503
2213,1504
6384,1505
6385,1506
6383,1507
7539,1508
5385,1509
395,1510
358,1511
8733,1512
4914,1513
5676,1514
1552,1515
7566,1516
839,1517
8358,1518
1035,1519
4457,1520
6993,1521
1144,1522
5261,1523
4497,1524
4495,1525
8122,1526
4438,1527
3657,1528
3955,1529
5285,1530
5347,1531
7757,1532
7756,1533
7868,1534
6438,1535
3581,1536
7944,1537
5645,1538
2740,1539
2651,1540
8671,1541
7276,1542
5583,1543
785,1544
5000,1545
9090,1546
9089,1547
9091,1548
2141,1549
8184,1550
6806,1551
6883,1552
1486,1553
570,1554
992,1555
4207,1556
4518,1557
5462,1558
3365,1559
1884,1560
8834,1561
4444,1562
18,1563
7658,1564
8428,1565
5124,1566
4482,1567
4480,1568
4481,1569
133,1570
136,1571
2027,1572
4540,1573
4539,1574
8268,1575
1998,1576
1008,1577
3287,1578
1388,1579
3599,1580
1714,1581
5216,1582
8600,1583
8597,1584
8598,1585
8601,1586
8599,1587
8596,1588
1221,1589
7348,1590
6767,1591
7125,1592
8437,1593
2878,1594
4920,1595
1186,1596
8035,1597
5445,1598
3637,1599
3634,1600
3636,1601
3638,1602
3635,1603
3639,1604
251,1605
2434,1606
2851,1607
3031,1608
7189,1609
8106,1610
8105,1611
7577,1612
2901,1613
2900,1614
7201,1615
7200,1616
7986,1617
4958,1618
4960,1619
6529,1620
2856,1621
7258,1622
2867,1623
2868,1624
4574,1625
640,1626
4303,1627
4301,1628
7629,1629
4079,1630
4847,1631
4637,1632
4636,1633
2988,1634
8311,1635
5435,1636
3178,1637
1438,1638
2815,1639
8418,1640
8416,1641
2066,1642
2068,1643
535,1644
661,1645
1833,1646
7602,1647
7603,1648
8332,1649
2440,1650
2230,1651
6779,1652
4858,1653
6448,1654
6572,1655
2077,1656
4630,1657
1540,1658
5177,1659
2692,1660
3854,1661
543,1662
4440,1663
8134,1664
8133,1665
8132,1666
7316,1667
7317,1668
2655,1669
4749,1670
2912,1671
3402,1672
6615,1673
7499,1674
3082,1675
7293,1676
6498,1677
5399,1678
2898,1679
8044,1680
5575,1681
3017,1682
4258,1683
1652,1684
4598,1685
7636,1686
4548,1687
2922,1688
8138,1689
3457,1690
1987,1691
1988,1692
1986,1693
1985,1694
1984,1695
7166,1696
3233,1697
3232,1698
5482,1699
8692,1700
8693,1701
3247,1702
8530,1703
5311,1704
5312,1705
5313,1706
6318,1707
8204,1708
5044,1709
5040,1710
5043,1711
5041,1712
5042,1713
4281,1714
7147,1715
7148,1716
609,1717
608,1718
229,1719
5630,1720
6524,1721
6525,1722
7590,1723
6616,1724
8933,1725
2991,1726
8387,1727
6921,1728
6920,1729
5474,1730
4877,1731
7264,1732
1869,1733
566,1734
1939,1735
1937,1736
1287,1737
8810,1738
8809,1739
8808,1740
4442,1741
4136,1742
2105,1743
5593,1744
5592,1745
8225,1746
5263,1747
7143,1748
5235,1749
4204,1750
2886,1751
3616,1752
9068,1753
9066,1754
9067,1755
2714,1756
2715,1757
4224,1758
2624,1759
3376,1760
5453,1761
3157,1762
6722,1763
4911,1764
2350,1765
5513,1766
2584,1767
7989,1768
8587,1769
3682,1770
590,1771
1080,1772
7626,1773
7625,1774
4702,1775
4703,1776
2207,1777
5061,1778
2466,1779
7727,1780
1251,1781
4786,1782
4791,1783
4788,1784
4789,1785
4790,1786
4787,1787
2356,1788
2571,1789
1949,1790
6646,1791
9151,1792
4305,1793
4304,1794
8336,1795
8334,1796
8335,1797
6345,1798
446,1799
7478,1800
7477,1801
5057,1802
6752,1803
74,1804
2863,1805
7174,1806
113,1807
2525,1808
5569,1809
16,1810
6629,1811
4878,1812
3709,1813
4346,1814
2952,1815
1656,1816
1657,1817
2543,1818
977,1819
6287,1820
5390,1821
4310,1822
7064,1823
2859,1824
7936,1825
7937,1826
7935,1827
500,1828
2741,1829
3677,1830
3039,1831
1747,1832
7488,1833
7588,1834
7589,1835
8306,1836
11,1837
5464,1838
3165,1839
7651,1840
1005,1841
8565,1842
5101,1843
487,1844
486,1845
3406,1846
4386,1847
4385,1848
3301,1849
5507,1850
5509,1851
5508,1852
3420,1853
5269,1854
7645,1855
7340,1856
7338,1857
7339,1858
3857,1859
5279,1860
5278,1861
2439,1862
8992,1863
8991,1864
8990,1865
8989,1866
4469,1867
2764,1868
3114,1869
1163,1870
9174,1871
9175,1872
9139,1873
9140,1874
9138,1875
9022,1876
9021,1877
9020,1878
9018,1879
4044,1880
4043,1881
4048,1882
4045,1883
4047,1884
4050,1885
4046,1886
4867,1887
2534,1888
2320,1889
5275,1890
6290,1891
6292,1892
6291,1893
4898,1894
7421,1895
6329,1896
6327,1897
3054,1898
5199,1899
4619,1900
1932,1901
3075,1902
3175,1903
2827,1904
6503,1905
3535,1906
7422,1907
6316,1908
8817,1909
8818,1910
9334,1911
8819,1912
9333,1913
3390,1914
4570,1915
606,1916
1765,1917
3196,1918
4955,1919
4557,1920
2696,1921
3632,1922
4857,1923
7502,1924
8496,1925
8497,1926
8498,1927
8499,1928
8495,1929
2617,1930
6500,1931
1615,1932
5217,1933
5439,1934
5438,1935
5437,1936
8873,1937
4908,1938
7195,1939
3379,1940
4771,1941
5428,1942
7668,1943
2161,1944
9194,1945
9195,1946
4246,1947
214,1948
3829,1949
2833,1950
8949,1951
6416,1952
2197,1953
7275,1954
6675,1955
2447,1956
9043,1957
3753,1958
7872,1959
7873,1960
7874,1961
677,1962
3671,1963
1397,1964
8074,1965
3228,1966
6352,1967
4997,1968
9266,1969
9264,1970
9265,1971
6580,1972
426,1973
5151,1974
112,1975
7547,1976
7551,1977
7550,1978
7549,1979
7548,1980
6577,1981
1683,1982
8193,1983
8195,1984
8194,1985
4685,1986
4686,1987
4687,1988
3985,1989
3143,1990
2349,1991
4055,1992
8932,1993
2659,1994
8188,1995
8983,1996
8981,1997
8982,1998
6716,1999
8853,2000
6638,2001
3517,2002
3518,2003
4209,2004
4907,2005
8171,2006
6474,2007
6473,2008
6472,2009
8609,2010
8607,2011
8608,2012
858,2013
1751,2014
8413,2015
2588,2016
2185,2017
3261,2018
3258,2019
7591,2020
5300,2021
8186,2022
8185,2023
8187,2024
9257,2025
9256,2026
2529,2027
2530,2028
2528,2029
7173,2030
7172,2031
9273,2032
9274,2033
9199,2034
9200,2035
5557,2036
8154,2037
3969,2038
8039,2039
8040,2040
5073,2041
5243,2042
58,2043
4523,2044
4208,2045
5357,2046
1866,2047
1222,2048
3557,2049
9159,2050
9161,2051
9162,2052
9160,2053
183,2054
1862,2055
507,2056
7541,2057
5521,2058
3308,2059
7993,2060
3302,2061
5559,2062
7974,2063
7975,2064
5654,2065
9163,2066
7508,2067
6463,2068
7996,2069
8395,2070
1283,2071
8477,2072
8476,2073
8478,2074
4836,2075
7302,2076
7304,2077
7303,2078
8174,2079
3633,2080
648,2081
649,2082
8471,2083
8472,2084
3997,2085
4000,2086
4001,2087
3998,2088
4002,2089
4003,2090
3999,2091
8071,2092
8072,2093
8070,2094
6272,2095
3536,2096
8502,2097
1570,2098
6363,2099
1234,2100
2496,2101
8626,2102
7988,2103
7987,2104
1195,2105
5515,2106
242,2107
5362,2108
5363,2109
243,2110
1894,2111
1893,2112
1892,2113
300,2114
1891,2115
5514,2116
5517,2117
5516,2118
1625,2119
313,2120
299,2121
808,2122
8591,2123
8590,2124
1194,2125
1628,2126
1627,2127
1626,2128
5361,2129
5360,2130
241,2131
4157,2132
8812,2133
8813,2134
8814,2135
8815,2136
2138,2137
2137,2138
2136,2139
2135,2140
815,2141
814,2142
8761,2143
8760,2144
8759,2145
8758,2146
2296,2147
2297,2148
2298,2149
2299,2150
813,2151
9341,2152
4154,2153
812,2154
4155,2155
4156,2156
240,2157
298,2158
8589,2159
9322,2160
4650,2161
4648,2162
4647,2163
4646,2164
9321,2165
4644,2166
4643,2167
4642,2168
4641,2169
4640,2170
7084,2171
7083,2172
7082,2173
7081,2174
4249,2175
4250,2176
4251,2177
4252,2178
1192,2179
6377,2180
6378,2181
6379,2182
1193,2183
6380,2184
6543,2185
6544,2186
4649,2187
4645,2188
807,2189
9154,2190
8549,2191
297,2192
806,2193
8547,2194
4651,2195
8546,2196
9319,2197
9152,2198
310,2199
9153,2200
7109,2201
7110,2202
6541,2203
6542,2204
9155,2205
9320,2206
805,2207
8548,2208
3210,2209
319,2210
8281,2211
8282,2212
3209,2213
3208,2214
7961,2215
4293,2216
4294,2217
7739,2218
3861,2219
7740,2220
7743,2221
7744,2222
3810,2223
3860,2224
3811,2225
7962,2226
3814,2227
3813,2228
83,2229
409,2230
378,2231
3564,2232
8101,2233
8102,2234
8103,2235
8104,2236
3549,2237
3548,2238
821,2239
7815,2240
7816,2241
7817,2242
4028,2243
4029,2244
8203,2245
8202,2246
4030,2247
3563,2248
81,2249
8113,2250
401,2251
8235,2252
3995,2253
7799,2254
3604,2255
7800,2256
3603,2257
7803,2258
7804,2259
7805,2260
400,2261
3331,2262
3332,2263
3336,2264
3337,2265
3338,2266
82,2267
8114,2268
8279,2269
8143,2270
4069,2271
411,2272
3476,2273
3475,2274
410,2275
8162,2276
3474,2277
8161,2278
3471,2279
3470,2280
3469,2281
3467,2282
3466,2283
3463,2284
3462,2285
8144,2286
4068,2287
339,2288
4117,2289
340,2290
3512,2291
3511,2292
341,2293
3416,2294
3417,2295
3418,2296
4131,2297
342,2298
4130,2299
7861,2300
4119,2301
4118,2302
3186,2303
3493,2304
7798,2305
8236,2306
7797,2307
3731,2308
3729,2309
7769,2310
7934,2311
3927,2312
3928,2313
8030,2314
8031,2315
8032,2316
8033,2317
7770,2318
7771,2319
3701,2320
3700,2321
370,2322
7772,2323
3730,2324
3732,2325
3994,2326
3733,2327
3770,2328
3769,2329
3767,2330
3766,2331
7764,2332
8278,2333
3900,2334
3901,2335
3902,2336
3903,2337
375,2338
374,2339
3739,2340
3738,2341
7768,2342
7933,2343
3699,2344
3269,2345
3270,2346
3290,2347
365,2348
3291,2349
7791,2350
3625,2351
7792,2352
7793,2353
3624,2354
3623,2355
8243,2356
8242,2357
8241,2358
8240,2359
824,2360
8239,2361
3659,2362
366,2363
3660,2364
369,2365
3271,2366
3272,2367
3273,2368
7932,2369
7780,2370
3690,2371
3689,2372
3661,2373
7786,2374
3688,2375
7931,2376
7787,2377
7930,2378
7788,2379
3494,2380
8694,2381
3185,2382
1658,2383
1681,2384
1680,2385
5618,2386
9053,2387
9054,2388
9055,2389
717,2390
1659,2391
907,2392
9051,2393
1641,2394
1631,2395
7136,2396
7135,2397
161,2398
1609,2399
1608,2400
1607,2401
9052,2402
9050,2403
9143,2404
1717,2405
1731,2406
1730,2407
1729,2408
1728,2409
1727,2410
1726,2411
1725,2412
7183,2413
1716,2414
9049,2415
5615,2416
1692,2417
1691,2418
1690,2419
5616,2420
5617,2421
9047,2422
9048,2423
579,2424
160,2425
580,2426
627,2427
615,2428
616,2429
62,2430
7093,2431
7092,2432
625,2433
626,2434
154,2435
7091,2436
582,2437
153,2438
1528,2439
1527,2440
1525,2441
9141,2442
9142,2443
1520,2444
152,2445
61,2446
156,2447
604,2448
603,2449
9094,2450
1594,2451
1593,2452
9095,2453
159,2454
1589,2455
9096,2456
1585,2457
1584,2458
9099,2459
9100,2460
9101,2461
7115,2462
9105,2463
9106,2464
60,2465
157,2466
1732,2467
902,2468
7184,2469
7254,2470
1977,2471
1971,2472
1970,2473
1961,2474
1960,2475
7255,2476
1959,2477
1957,2478
537,2479
5448,2480
5419,2481
542,2482
5420,2483
1889,2484
1888,2485
8940,2486
8941,2487
8942,2488
1978,2489
1979,2490
7272,2491
7273,2492
2055,2493
2054,2494
8870,2495
8871,2496
8872,2497
8874,2498
8875,2499
8876,2500
8878,2501
7738,2502
8880,2503
528,2504
529,2505
1994,2506
1993,2507
199,2508
7274,2509
5447,2510
1860,2511
1741,2512
1774,2513
5519,2514
5520,2515
1783,2516
1782,2517
7194,2518
1777,2519
1776,2520
1775,2521
1773,2522
186,2523
1772,2524
177,2525
7193,2526
9005,2527
9006,2528
7185,2529
1743,2530
1742,2531
8979,2532
8978,2533
5512,2534
5511,2535
1859,2536
1851,2537
1850,2538
1841,2539
1840,2540
8955,2541
8956,2542
8957,2543
8958,2544
8959,2545
8960,2546
1825,2547
1824,2548
1823,2549
5501,2550
5502,2551
551,2552
1519,2553
628,2554
8859,2555
1206,2556
1229,2557
1225,2558
1224,2559
1223,2560
1216,2561
1215,2562
1212,2563
1211,2564
1205,2565
6518,2566
1204,2567
1203,2568
1202,2569
1180,2570
1179,2571
1170,2572
692,2573
1169,2574
6956,2575
6517,2576
6280,2577
1270,2578
7011,2579
9260,2580
9261,2581
1292,2582
1291,2583
1277,2584
1276,2585
1271,2586
1262,2587
6957,2588
1261,2589
1260,2590
1250,2591
1249,2592
1248,2593
1239,2594
1238,2595
1237,2596
1168,2597
690,2598
1154,2599
104,2600
672,2601
673,2602
674,2603
675,2604
676,2605
105,2606
960,2607
6769,2608
6770,2609
1153,2610
103,2611
6812,2612
6811,2613
1012,2614
1011,2615
1010,2616
6810,2617
1009,2618
6689,2619
6688,2620
1083,2621
6672,2622
6893,2623
6892,2624
663,2625
664,2626
689,2627
6887,2628
6886,2629
6656,2630
9330,2631
6657,2632
6658,2633
6885,2634
9331,2635
6668,2636
6669,2637
6670,2638
6671,2639
9259,2640
1304,2641
1305,2642
7065,2643
1444,2644
1443,2645
1442,2646
1436,2647
920,2648
7066,2649
1427,2650
1426,2651
1420,2652
1390,2653
142,2654
1419,2655
1418,2656
1417,2657
141,2658
7056,2659
921,2660
7055,2661
919,2662
918,2663
7088,2664
1469,2665
1513,2666
1512,2667
6281,2668
9149,2669
9150,2670
7090,2671
6284,2672
6285,2673
9164,2674
9165,2675
9166,2676
9167,2677
9168,2678
917,2679
9171,2680
1471,2681
1470,2682
1391,2683
1385,2684
1306,2685
7021,2686
6430,2687
1333,2688
1332,2689
6431,2690
1330,2691
1329,2692
1328,2693
7025,2694
1319,2695
1384,2696
1318,2697
1317,2698
1316,2699
7020,2700
7019,2701
7012,2702
1308,2703
1307,2704
7026,2705
6429,2706
6428,2707
6427,2708
6386,2709
6387,2710
9224,2711
9225,2712
9226,2713
6395,2714
6396,2715
6397,2716
9231,2717
9232,2718
1364,2719
9233,2720
1354,2721
1353,2722
1344,2723
1341,2724
1340,2725
8860,2726
8879,2727
207,2728
2694,2729
4738,2730
2711,2731
2710,2732
2709,2733
7522,2734
7521,2735
477,2736
2695,2737
2693,2738
4736,2739
7512,2740
7511,2741
7510,2742
8584,2743
8585,2744
7505,2745
7504,2746
7503,2747
4737,2748
854,2749
4946,2750
2835,2751
4606,2752
4607,2753
461,2754
462,2755
7570,2756
463,2757
7569,2758
7568,2759
2834,2760
7554,2761
464,2762
2811,2763
2810,2764
2796,2765
2795,2766
853,2767
7556,2768
7555,2769
8586,2770
8594,2771
8595,2772
2517,2773
255,2774
8632,2775
8633,2776
8634,2777
254,2778
490,2779
491,2780
2518,2781
7299,2782
2642,2783
493,2784
2506,2785
4934,2786
4935,2787
4936,2788
4937,2789
866,2790
4944,2791
8625,2792
8624,2793
8623,2794
8620,2795
2641,2796
2640,2797
7498,2798
2635,2799
2634,2800
2633,2801
263,2802
7497,2803
262,2804
7481,2805
7480,2806
4834,2807
4835,2808
7473,2809
7472,2810
8618,2811
8619,2812
4605,2813
4604,2814
8486,2815
3086,2816
4392,2817
3103,2818
3102,2819
3101,2820
3100,2821
4393,2822
440,2823
835,2824
3085,2825
4449,2826
3084,2827
3083,2828
441,2829
4412,2830
4413,2831
7662,2832
7661,2833
3047,2834
4391,2835
4390,2836
439,2837
834,2838
831,2839
318,2840
7737,2841
832,2842
3156,2843
3155,2844
3154,2845
3153,2846
435,2847
436,2848
7702,2849
7701,2850
437,2851
3131,2852
3130,2853
7698,2854
438,2855
3046,2856
4450,2857
8485,2858
4590,2859
295,2860
2949,2861
2948,2862
294,2863
2915,2864
2914,2865
7584,2866
7583,2867
4591,2868
8380,2869
4592,2870
2895,2871
2894,2872
4593,2873
289,2874
8479,2875
8480,2876
288,2877
296,2878
8421,2879
8420,2880
2962,2881
8381,2882
3028,2883
3027,2884
4476,2885
8396,2886
4477,2887
8397,2888
3008,2889
3007,2890
3006,2891
3005,2892
3004,2893
3003,2894
7622,2895
7621,2896
7620,2897
2963,2898
4945,2899
492,2900
8667,2901
8766,2902
226,2903
2256,2904
2255,2905
2254,2906
2253,2907
513,2908
225,2909
2243,2910
2242,2911
5137,2912
5138,2913
224,2914
2239,2915
5139,2916
514,2917
5140,2918
2225,2919
2224,2920
7334,2921
8767,2922
8765,2923
7332,2924
8764,2925
5080,2926
5081,2927
5082,2928
8668,2929
8741,2930
8746,2931
8747,2932
8748,2933
5104,2934
5105,2935
5106,2936
5107,2937
5111,2938
5112,2939
5113,2940
5114,2941
5115,2942
5116,2943
8763,2944
7333,2945
7325,2946
5071,2947
2123,2948
2121,2949
2120,2950
520,2951
2119,2952
8837,2953
2112,2954
8838,2955
8839,2956
731,2957
2090,2958
209,2959
2089,2960
2088,2961
730,2962
5226,2963
208,2964
5227,2965
5228,2966
5229,2967
2122,2968
7311,2969
7324,2970
2130,2971
7323,2972
5171,2973
5172,2974
2180,2975
2179,2976
2168,2977
2167,2978
5190,2979
5191,2980
2159,2981
2158,2982
2157,2983
2156,2984
2149,2985
2148,2986
8820,2987
7312,2988
8821,2989
2131,2990
5072,2991
8740,2992
2325,2993
2393,2994
2403,2995
2402,2996
5008,2997
24,2998
5009,2999
8704,3000
2395,3001
2394,3002
2392,3003
8698,3004
8705,3005
8706,3006
238,3007
8710,3008
2326,3009
503,3010
5036,3011
2370,3012
8699,3013
8697,3014
2369,3015
2471,3016
8669,3017
867,3018
8672,3019
2476,3020
2475,3021
8673,3022
2473,3023
2472,3024
496,3025
8696,3026
2452,3027
2451,3028
2450,3029
497,3030
498,3031
499,3032
3834,3033
8695,3034
237,3035
8711,3036
7361,3037
236,3038
2327,3039
233,3040
2330,3041
2331,3042
2332,3043
2333,3044
2334,3045
234,3046
7362,3047
5053,3048
5052,3049
3835,3050
5037,3051
2364,3052
5038,3053
2363,3054
5039,3055
504,3056
66,3057
7096,3058
79,3059
7842,3060
7040,3061
71,3062
7940,3063
4717,3064
7823,3065
7095,3066
561,3067
560,3068
7822,3069
559,3070
4792,3071
4716,3072
7939,3073
70,3074
4544,3075
78,3076
4545,3077
4564,3078
4565,3079
64,3080
7843,3081
65,3082
5389,3083
5388,3084
5387,3085
7039,3086
4793,3087
7,3088
7826,3089
63,3090
7825,3091
7938,3092
7041,3093
1,3094
109,3095
8093,3096
129,3097
1100,3098
128,3099
8,3100
2597,3101
8370,3102
8026,3103
1069,3104
8271,3105
8272,3106
8371,3107
8372,3108
2682,3109
2681,3110
8092,3111
1496,3112
8091,3113
36,3114
1076,3115
1077,3116
86,3117
1086,3118
1085,3119
1078,3120
87,3121
108,3122
1099,3123
1119,3124
1118,3125
1115,3126
2,3127
1068,3128
1495,3129
1041,3130
8023,3131
1000,3132
1001,3133
8022,3134
1021,3135
1022,3136
8021,3137
37,3138
2535,3139
972,3140
971,3141
1040,3142
1466,3143
1114,3144
1468,3145
2536,3146
8027,3147
8028,3148
1467,3149
2596,3150
1494,3151
198,3152
197,3153
195,3154
196,3155
192,3156
7118,3157
7117,3158
2101,3159
2098,3160
2099,3161
2100,3162
2102,3163
2103,3164
2104,3165
2970,3166
2969,3167
4585,3168
9227,3169
9228,3170
9178,3171
9102,3172
2822,3173
2823,3174
1435,3175
5168,3176
5170,3177
5169,3178
3147,3179
3150,3180
3148,3181
3151,3182
3149,3183
3146,3184
2705,3185
3096,3186
3095,3187
6537,3188
4488,3189
4487,3190
5078,3191
3132,3192
8264,3193
4081,3194
6302,3195
1479,3196
1143,3197
9076,3198
9074,3199
9075,3200
9077,3201
9078,3202
9079,3203
4872,3204
4027,3205
2975,3206
2974,3207
422,3208
7851,3209
1383,3210
1382,3211
7850,3212
7722,3213
7721,3214
3354,3215
3052,3216
7134,3217
2464,3218
5192,3219
4153,3220
4152,3221
5577,3222
1779,3223
1781,3224
1780,3225
5208,3226
6275,3227
8730,3228
8729,3229
4817,3230
2241,3231
1808,3232
7685,3233
4011,3234
4614,3235
4615,3236
4616,3237
8708,3238
8707,3239
4064,3240
4063,3241
4062,3242
4061,3243
4060,3244
4059,3245
4058,3246
4056,3247
7513,3248
8503,3249
8919,3250
8918,3251
8917,3252
5545,3253
5546,3254
8997,3255
1578,3256
6655,3257
7384,3258
7385,3259
7383,3260
188,3261
5579,3262
3941,3263
753,3264
7766,3265
7767,3266
5540,3267
6417,3268
4744,3269
4349,3270
3780,3271
1504,3272
7446,3273
4626,3274
7599,3275
6913,3276
5024,3277
4273,3278
6598,3279
4327,3280
5062,3281
4073,3282
8863,3283
8861,3284
8862,3285
8714,3286
8716,3287
9172,3288
8715,3289
6567,3290
3105,3291
7035,3292
7032,3293
7029,3294
7033,3295
7030,3296
8019,3297
1913,3298
5628,3299
4080,3300
2014,3301
431,3302
7534,3303
7536,3304
7535,3305
5,3306
1311,3307
482,3308
2406,3309
323,3310
925,3311
923,3312
922,3313
924,3314
6468,3315
2146,3316
8368,3317
8367,3318
8366,3319
1871,3320
3311,3321
3312,3322
3851,3323
6433,3324
2706,3325
3863,3326
6552,3327
4343,3328
4342,3329
4018,3330
189,3331
4460,3332
4458,3333
2311,3334
7268,3335
7430,3336
9122,3337
8218,3338
1315,3339
1314,3340
8157,3341
6681,3342
6682,3343
8439,3344
8156,3345
8440,3346
3042,3347
4819,3348
679,3349
5324,3350
7049,3351
9223,3352
9222,3353
3445,3354
3444,3355
3443,3356
8434,3357
8798,3358
8799,3359
9314,3360
8800,3361
8797,3362
5556,3363
5555,3364
4613,3365
6916,3366
3894,3367
420,3368
4182,3369
2269,3370
3490,3371
6999,3372
3359,3373
5492,3374
6346,3375
7137,3376
2595,3377
4579,3378
4578,3379
4577,3380
3480,3381
6891,3382
6889,3383
6890,3384
6690,3385
6691,3386
4841,3387
7140,3388
6730,3389
6729,3390
6762,3391
6759,3392
6760,3393
6761,3394
2533,3395
2532,3396
2531,3397
9280,3398
9279,3399
9281,3400
9282,3401
9277,3402
9275,3403
9276,3404
526,3405
4848,3406
9088,3407
9087,3408
8801,3409
9312,3410
2545,3411
5369,3412
1831,3413
8897,3414
8896,3415
8895,3416
8894,3417
8893,3418
7681,3419
1269,3420
770,3421
3951,3422
7582,3423
7581,3424
8401,3425
3496,3426
4748,3427
1655,3428
5335,3429
1088,3430
239,3431
5352,3432
5351,3433
5353,3434
6556,3435
6555,3436
6557,3437
7606,3438
7611,3439
7607,3440
7608,3441
7609,3442
7925,3443
7926,3444
7919,3445
7918,3446
7924,3447
7923,3448
7922,3449
7921,3450
7920,3451
1386,3452
4810,3453
4812,3454
4116,3455
5532,3456
5533,3457
5531,3458
7494,3459
3931,3460
4910,3461
4909,3462
9317,3463
9316,3464
4957,3465
4278,3466
6645,3467
4042,3468
2001,3469
9308,3470
9303,3471
9304,3472
9306,3473
9305,3474
9307,3475
7958,3476
165,3477
3449,3478
389,3479
3314,3480
4202,3481
4309,3482
8422,3483
7144,3484
619,3485
6277,3486
8882,3487
8881,3488
8884,3489
8883,3490
2012,3491
797,3492
6940,3493
6941,3494
6942,3495
6943,3496
9296,3497
9298,3498
9297,3499
4242,3500
3965,3501
8664,3502
3585,3503
4543,3504
4542,3505
7141,3506
704,3507
660,3508
5100,3509
5099,3510
2192,3511
7531,3512
354,3513
2324,3514
2282,3515
2281,3516
8233,3517
8232,3518
9294,3519
9293,3520
9292,3521
8475,3522
4166,3523
4165,3524
5667,3525
4868,3526
7773,3527
4601,3528
1095,3529
8811,3530
1806,3531
4816,3532
9324,3533
9323,3534
9325,3535
4184,3536
4265,3537
3262,3538
4621,3539
2261,3540
1061,3541
8066,3542
4140,3543
5207,3544
1511,3545
7411,3546
8773,3547
8774,3548
9309,3549
9310,3550
8771,3551
8769,3552
8770,3553
1295,3554
3297,3555
3296,3556
2925,3557
7018,3558
7017,3559
7016,3560
118,3561
1243,3562
3240,3563
4711,3564
4734,3565
4594,3566
4399,3567
5542,3568
8481,3569
8657,3570
8787,3571
2612,3572
9039,3573
9038,3574
9040,3575
5410,3576
5411,3577
9220,3578
9221,3579
4351,3580
1416,3581
101,3582
8988,3583
2606,3584
2607,3585
1976,3586
9243,3587
9242,3588
4199,3589
6838,3590
6849,3591
6839,3592
6841,3593
6848,3594
6851,3595
6842,3596
6843,3597
6844,3598
6845,3599
6846,3600
6850,3601
6847,3602
6853,3603
5544,3604
7130,3605
516,3606
519,3607
1854,3608
1858,3609
1857,3610
1856,3611
1855,3612
5121,3613
5122,3614
6674,3615
7527,3616
7528,3617
1630,3618
3669,3619
332,3620
8490,3621
3414,3622
3875,3623
1848,3624
1546,3625
4622,3626
4624,3627
2877,3628
8349,3629
5487,3630
4672,3631
5476,3632
8651,3633
8649,3634
8650,3635
8652,3636
1112,3637
7009,3638
5001,3639
8053,3640
8054,3641
8342,3642
8343,3643
8345,3644
8346,3645
8341,3646
8344,3647
7164,3648
2061,3649
4750,3650
4751,3651
947,3652
7647,3653
2514,3654
5194,3655
8886,3656
8885,3657
8888,3658
8887,3659
4627,3660
4654,3661
1664,3662
6607,3663
6608,3664
6606,3665
3458,3666
5067,3667
43,3668
3237,3669
505,3670
8570,3671
8568,3672
407,3673
7314,3674
408,3675
7313,3676
8454,3677
1079,3678
8946,3679
8947,3680
8948,3681
7157,3682
8676,3683
8677,3684
8675,3685
8674,3686
4370,3687
552,3688
4456,3689
9188,3690
9189,3691
9187,3692
4961,3693
828,3694
1537,3695
6298,3696
2637,3697
1905,3698
8753,3699
8754,3700
8934,3701
8936,3702
8935,3703
8937,3704
8939,3705
8938,3706
2041,3707
9239,3708
9238,3709
1374,3710
1425,3711
1617,3712
5409,3713
5407,3714
5408,3715
723,3716
725,3717
722,3718
724,3719
726,3720
8025,3721
2442,3722
2441,3723
2443,3724
8907,3725
8906,3726
8905,3727
4271,3728
2733,3729
5029,3730
2849,3731
4263,3732
1089,3733
8791,3734
8790,3735
8928,3736
5429,3737
8720,3738
8719,3739
8721,3740
1018,3741
8196,3742
5434,3743
5432,3744
5433,3745
7132,3746
7836,3747
7837,3748
7310,3749
8452,3750
8004,3751
8005,3752
8006,3753
8007,3754
8008,3755
4617,3756
9173,3757
8908,3758
8909,3759
3697,3760
2463,3761
6591,3762
8807,3763
8806,3764
8749,3765
8750,3766
9132,3767
9131,3768
9130,3769
4106,3770
8153,3771
8152,3772
5271,3773
5392,3774
5393,3775
6426,3776
4706,3777
4704,3778
4707,3779
4705,3780
3815,3781
6549,3782
6816,3783
4180,3784
1266,3785
8661,3786
9063,3787
9062,3788
9061,3789
8662,3790
8660,3791
6649,3792
3002,3793
7857,3794
7858,3795
4161,3796
4162,3797
4631,3798
1508,3799
7180,3800
7179,3801
7181,3802
8409,3803
8408,3804
8410,3805
5141,3806
8190,3807
8189,3808
2171,3809
8491,3810
8493,3811
7617,3812
7619,3813
7618,3814
3099,3815
324,3816
6784,3817
7596,3818
7595,3819
7597,3820
3923,3821
4991,3822
4992,3823
8433,3824
9247,3825
9249,3826
9251,3827
9248,3828
9250,3829
9246,3830
7615,3831
7614,3832
8148,3833
8580,3834
8581,3835
5444,3836
7809,3837
7807,3838
7810,3839
7808,3840
4724,3841
8679,3842
8678,3843
9059,3844
9058,3845
9060,3846
7679,3847
7680,3848
7678,3849
3246,3850
2984,3851
9258,3852
8537,3853
8536,3854
8847,3855
8846,3856
9108,3857
9107,3858
9028,3859
9029,3860
9027,3861
8784,3862
8783,3863
8782,3864
8786,3865
8785,3866
4364,3867
4363,3868
7714,3869
7715,3870
622,3871
9002,3872
9001,3873
5145,3874
9036,3875
9037,3876
5214,3877
5215,3878
2430,3879
1299,3880
1300,3881
1816,3882
3859,3883
3858,3884
4312,3885
9033,3886
9032,3887
9034,3888
9035,3889
5097,3890
6692,3891
8986,3892
8987,3893
8984,3894
8985,3895
7518,3896
7520,3897
7519,3898
9179,3899
8197,3900
3681,3901
7448,3902
1162,3903
5367,3904
5365,3905
5366,3906
6978,3907
6977,3908
5258,3909
533,3910
5259,3911
532,3912
3461,3913
4625,3914
6660,3915
9338,3916
9337,3917
6319,3918
5648,3919
5650,3920
5649,3921
3170,3922
983,3923
980,3924
2675,3925
2818,3926
864,3927
9240,3928
9241,3929
8488,3930
886,3931
8266,3932
8267,3933
2842,3934
8505,3935
8602,3936
8603,3937
8604,3938
6684,3939
1126,3940
1125,3941
3778,3942
8284,3943
8283,3944
598,3945
596,3946
597,3947
1539,3948
7267,3949
2840,3950
8288,3951
4013,3952
4014,3953
4015,3954
4016,3955
3123,3956
3122,3957
3112,3958
3113,3959
1263,3960
4839,3961
2183,3962
1133,3963
1134,3964
5355,3965
7441,3966
7440,3967
7439,3968
8796,3969
8795,3970
8794,3971
5087,3972
5086,3973
7801,3974
852,3975
851,3976
3283,3977
3578,3978
1675,3979
1676,3980
2492,3981
7076,3982
5056,3983
8458,3984
8459,3985
7684,3986
4225,3987
9044,3988
114,3989
4329,3990
4330,3991
2181,3992
1197,3993
7197,3994
2388,3995
6601,3996
8915,3997
8916,3998
1992,3999
5382,4000
3412,4001
6935,4002
775,4003
2862,4004
4335,4005
4111,4006
9120,4007
8842,4008
2752,4009
2750,4010
2749,4011
2751,4012
4966,4013
7665,4014
7663,4015
7664,4016
5671,4017
8854,4018
9328,4019
9327,4020
9326,4021
5599,4022
2227,4023
9016,4024
9015,4025
1147,4026
898,4027
3226,4028
7516,4029
7517,4030
7560,4031
7561,4032
2865,4033
4245,4034
9191,4035
9193,4036
9123,4037
4178,4038
4173,4039
4172,4040
4175,4041
4176,4042
4177,4043
8331,4044
8326,4045
8328,4046
8329,4047
8330,4048
8327,4049
8922,4050
8920,4051
8921,4052
2766,4053
3937,4054
3936,4055
4694,4056
4973,4057
6440,4058
6441,4059
6442,4060
967,4061
5240,4062
818,4063
6613,4064
8621,4065
8622,4066
2008,4067
2788,4068
8923,4069
5454,4070
5455,4071
5456,4072
9008,4073
9009,4074
9007,4075
9244,4076
9245,4077
2423,4078
6693,4079
2993,4080
2934,4081
2936,4082
2935,4083
5405,4084
5406,4085
9115,4086
9117,4087
9116,4088
7366,4089
7365,4090
3647,4091
3752,4092
4108,4093
6570,4094
6569,4095
6568,4096
7703,4097
8256,4098
5398,4099
5397,4100
5396,4101
4095,4102
4096,4103
4093,4104
8561,4105
8563,4106
8562,4107
3454,4108
8831,4109
8830,4110
9073,4111
2524,4112
2003,4113
9113,4114
4298,4115
962,4116
8912,4117
6634,4118
6633,4119
9056,4120
9057,4121
3250,4122
7950,4123
7948,4124
7949,4125
7947,4126
8541,4127
8540,4128
7054,4129
4026,4130
8469,4131
8470,4132
8775,4133
5075,4134
5074,4135
9183,4136
9180,4137
9182,4138
9181,4139
7358,4140
7359,4141
7374,4142
1698,4143
8528,4144
1240,4145
107,4146
5421,4147
8125,4148
9235,4149
9234,4150
5331,4151
5332,4152
8376,4153
8378,4154
6625,4155
8968,4156
8970,4157
8967,4158
8969,4159
8508,4160
8583,4161
8582,4162
7372,4163
7373,4164
5119,4165
9268,4166
9269,4167
8438,4168
511,4169
7700,4170
1400,4171
1401,4172
1399,4173
5655,4174
3286,4175
9286,4176
9285,4177
8321,4178
8320,4179
8319,4180
8744,4181
8745,4182
8742,4183
1927,4184
8856,4185
8855,4186
8728,4187
6664,4188
5578,4189
8463,4190
8461,4191
8462,4192
3547,4193
425,4194
7586,4195
7587,4196
7585,4197
7574,4198
7573,4199
7259,4200
5060,4201
4829,4202
6394,4203
8299,4204
6781,4205
6782,4206
973,4207
974,4208
2233,4209
3465,4210
8690,4211
8691,4212
9302,4213
5413,4214
5415,4215
5416,4216
8788,4217
8789,4218
5503,4219
6444,4220
5537,4221
4353,4222
2957,4223
2954,4224
2955,4225
4733,4226
5525,4227
5524,4228
5527,4229
5526,4230
5528,4231
7892,4232
7893,4233
7894,4234
6754,4235
6755,4236
51,4237
7910,4238
7911,4239
8824,4240
8825,4241
8826,4242
8558,4243
8560,4244
8559,4245
5663,4246
5660,4247
5662,4248
5661,4249
5664,4250
8029,4251
4340,4252
8642,4253
8641,4254
2347,4255
743,4256
7445,4257
7444,4258
3193,4259
5580,4260
5581,4261
2883,4262
3190,4263
6331,4264
7464,4265
8925,4266
8924,4267
5221,4268
7491,4269
8684,4270
8683,4271
2799,4272
2800,4273
4087,4274
7942,4275
6801,4276
6802,4277
6803,4278
8966,4279
8964,4280
8963,4281
8965,4282
9157,4283
9156,4284
1394,4285
1393,4286
7952,4287
8198,4288
8199,4289
9339,4290
9340,4291
1936,4292
6834,4293
4962,4294
7976,4295
7977,4296
7286,4297
7285,4298
8638,4299
8639,4300
8640,4301
7656,4302
7657,4303
8109,4304
8108,4305
2028,4306
3968,4307
3865,4308
384,4309
4148,4310
3565,4311
7914,4312
7913,4313
7912,4314
3748,4315
2420,4316
6604,4317
3612,4318
4514,4319
3289,4320
4951,4321
4842,4322
7881,4323
7882,4324
7883,4325
3081,4326
3016,4327
9205,4328
9204,4329
2292,4330
2601,4331
2602,4332
2448,4333
9137,4334
9134,4335
9135,4336
9136,4337
9133,4338
5573,4339
8444,4340
5572,4341
8506,4342
9012,4343
1768,4344
1272,4345
7495,4346
8010,4347
8009,4348
8087,4349
8088,4350
7455,4351
7395,4352
7396,4353
7397,4354
7393,4355
7394,4356
256,4357
8177,4358
8178,4359
8179,4360
5687,4361
5685,4362
17,4363
8998,4364
1704,4365
8183,4366
4158,4367
35,4368
8951,4369
8952,4370
8579,4371
2456,4372
4929,4373
4928,4374
1868,4375
5238,4376
5640,4377
8317,4378
8315,4379
8316,4380
8313,4381
8314,4382
6698,4383
8354,4384
8355,4385
3541,4386
7350,4387
9236,4388
4097,4389
4098,4390
4099,4391
4100,4392
7469,4393
7470,4394
7471,4395
8309,4396
4719,4397
8151,4398
7381,4399
7211,4400
7209,4401
7210,4402
7379,4403
7380,4404
9287,4405
8904,4406
8902,4407
8903,4408
4969,4409
175,4410
7078,4411
9023,4412
9024,4413
3523,4414
3524,4415
3521,4416
3522,4417
1105,4418
1106,4419
1107,4420
7838,4421
1109,4422
7839,4423
1104,4424
1108,4425
3164,4426
4493,4427
9111,4428
9110,4429
8647,4430
8648,4431
8222,4432
8221,4433
8725,4434
8723,4435
2373,4436
2374,4437
2375,4438
8731,4439
5090,4440
952,4441
956,4442
434,4443
416,4444
417,4445
433,4446
7241,4447
2087,4448
2086,4449
8251,4450
8254,4451
8253,4452
8465,4453
6639,4454
1719,4455
5684,4456
5642,4457
228,4458
460,4459
3020,4460
8961,4461
8962,4462
7482,4463
7690,4464
7689,4465
7688,4466
8610,4467
2671,4468
2668,4469
2663,4470
2664,4471
2665,4472
2666,4473
2670,4474
2669,4475
2667,4476
7963,4477
7964,4478
7525,4479
3924,4480
1161,4481
6370,4482
8067,4483
7476,4484
7865,4485
7866,4486
7999,4487
7998,4488
7997,4489
4053,4490
7226,4491
2767,4492
2769,4493
2771,4494
2770,4495
2768,4496
5302,4497
5595,4498
5598,4499
5597,4500
6479,4501
4040,4502
4981,4503
5183,4504
5182,4505
1865,4506
8361,4507
8362,4508
3353,4509
7233,4510
7234,4511
9288,4512
8531,4513
8214,4514
8216,4515
8212,4516
7827,4517
348,4518
4985,4519
4986,4520
4988,4521
4989,4522
4987,4523
6830,4524
2096,4525
4490,4526
8403,4527
8405,4528
3591,4529
3590,4530
1996,4531
1997,4532
8145,4533
8146,4534
9207,4535
631,4536
4429,4537
4453,4538
5368,4539
3676,4540
9086,4541
9085,4542
9084,4543
9083,4544
789,4545
4347,4546
4170,4547
6364,4548
6365,4549
4886,4550
4888,4551
4887,4552
8943,4553
8944,4554
1879,4555
1875,4556
1876,4557
1877,4558
1878,4559
8931,4560
8686,4561
8685,4562
8900,4563
8898,4564
9284,4565
4840,4566
565,4567
567,4568
563,4569
569,4570
568,4571
564,4572
9218,4573
9216,4574
9219,4575
9217,4576
8094,4577
3255,4578
1055,4579
1054,4580
1053,4581
1052,4582
5837,4583
5838,4584
6403,4585
5505,4586
337,4587
8974,4588
8977,4589
8975,4590
9184,4591
9197,4592
9198,4593
2226,4594
4954,4595
2405,4596
8168,4597
5016,4598
3622,4599
3621,4600
1795,4601
3615,4602
3013,4603
5290,4604
9295,4605
7399,4606
7401,4607
1336,4608
5076,4609
7390,4610
7391,4611
7392,4612
9124,4613
8617,4614
8644,4615
8645,4616
8615,4617
4939,4618
670,4619
2523,4620
5109,4621
5110,4622
8552,4623
906,4624
1916,4625
3275,4626
951,4627
3970,4628
3972,4629
3974,4630
3971,4631
4529,4632
8517,4633
8518,4634
7079,4635
6425,4636
6424,4637
6423,4638
1845,4639
7563,4640
7562,4641
7171,4642
7278,4643
469,4644
7736,4645
7734,4646
8858,4647
8857,4648
7407,4649
7409,4650
7408,4651
7406,4652
9213,4653
9214,4654
6709,4655
6712,4656
6711,4657
6710,4658
4125,4659
8544,4660
8543,4661
2713,4662
2202,4663
7098,4664
1636,4665
7870,4666
9082,4667
9081,4668
4882,4669
4881,4670
4880,4671
7427,4672
2549,4673
9158,4674
7724,4675
447,4676
612,4677
2509,4678
6432,4679
651,4680
6747,4681
6746,4682
8116,4683
8117,4684
3256,4685
2163,4686
2937,4687
8339,4688
8340,4689
3756,4690
2191,4691
349,4692
9290,4693
7613,4694
1363,4695
6456,4696
6454,4697
6453,4698
7283,4699
829,4700
2289,4701
2288,4702
7453,4703
7885,4704
8430,4705
8429,4706
8431,4707
8564,4708
9301,4709
1695,4710
1696,4711
3351,4712
7634,4713
7635,4714
7637,4715
3741,4716
3742,4717
3743,4718
7479,4719
8043,4720
8042,4721
7128,4722
7126,4723
2307,4724
5181,4725
5180,4726
206,4727
8655,4728
8654,4729
8656,4730
8338,4731
8337,4732
1756,4733
1755,4734
7514,4735
8572,4736
5381,4737
5375,4738
5376,4739
5377,4740
5378,4741
5379,4742
5380,4743
8166,4744
8167,4745
4411,4746
6794,4747
7655,4748
7654,4749
7652,4750
7802,4751
2790,4752
2792,4753
8849,4754
8848,4755
8211,4756
8209,4757
4721,4758
3640,4759
8709,4760
8375,4761
685,4762
5565,4763
5564,4764
5563,4765
7732,4766
7733,4767
4420,4768
8631,4769
8737,4770
8630,4771
8736,4772
3797,4773
8732,4774
9025,4775
9026,4776
5203,4777
8567,4778
9010,4779
9011,4780
1244,4781
8365,4782
3789,4783
4778,4784
4776,4785
4780,4786
4779,4787
4775,4788
4777,4789
4774,4790
8803,4791
8804,4792
2025,4793
8390,4794
8391,4795
7068,4796
7069,4797
2755,4798
2756,4799
2753,4800
2754,4801
1677,4802
1678,4803
8270,4804
8407,4805
8296,4806
7953,4807
8141,4808
2691,4809
8259,4810
8258,4811
9071,4812
9072,4813
8303,4814
8305,4815
1938,4816
4243,4817
5374,4818
5058,4819
146,4820
9196,4821
8573,4822
8574,4823
9125,4824
8703,4825
8702,4826
8525,4827
8526,4828
8712,4829
1983,4830
3925,4831
8738,4832
9201,4833
9202,4834
9203,4835
3870,4836
7640,4837
3274,4838
465,4839
2306,4840
1122,4841
8382,4842
8383,4843
1327,4844
8450,4845
8522,4846
8523,4847
2552,4848
7896,4849
4999,4850
4448,4851
4447,4852
7565,4853
5330,4854
6611,4855
6610,4856
2982,4857
2981,4858
2980,4859
2979,4860
292,4861
5134,4862
5135,4863
7886,4864
7890,4865
7887,4866
7889,4867
1166,4868
2280,4869
2144,4870
1208,4871
4815,4872
4504,4873
7203,4874
4508,4875
3216,4876
3217,4877
3214,4878
3215,4879
450,4880
8514,4881
9283,4882
1286,4883
8423,4884
8425,4885
8901,4886
9255,4887
9254,4888
4454,4889
6513,4890
6512,4891
2648,4892
5605,4893
5604,4894
5603,4895
9093,4896
9092,4897
1350,4898
4612,4899
4611,4900
7231,4901
7232,4902
3822,4903
6673,4904
3073,4905
7983,4906
3355,4907
3115,4908
1551,4909
8954,4910
5129,4911
5128,4912
4764,4913
4765,4914
7875,4915
8533,4916
2249,4917
8727,4918
8726,4919
6392,4920
1640,4921
89,4922
855,4923
8426,4924
8427,4925
2625,4926
8100,4927
8191,4928
31,4929
29,4930
6434,4931
8322,4932
5373,4933
4996,4934
4994,4935
4995,4936
2598,4937
4866,4938
8246,4939
8245,4940
1503,4941
5329,4942
6535,4943
6763,4944
7905,4945
7907,4946
7906,4947
2569,4948
8927,4949
8926,4950
8553,4951
8554,4952
7683,4953
2457,4954
8756,4955
6594,4956
6595,4957
3321,4958
8406,4959
8052,4960
3693,4961
3692,4962
2876,4963
8851,4964
8852,4965
7884,4966
8605,4967
3030,4968
5554,4969
5552,4970
5551,4971
1131,4972
1130,4973
4659,4974
4658,4975
4657,4976
9253,4977
8524,4978
1967,4979
4144,4980
7532,4981
838,4982
1165,4983
8953,4984
8520,4985
398,4986
3904,4987
127,4988
7980,4989
6495,4990
6497,4991
314,4992
4938,4993
2357,4994
4688,4995
4689,4996
4837,4997
6876,4998
4512,4999
4511,5000
4510,5001
8348,5002
8347,5003
3404,5004
9318,5005
3893,5006
3891,5007
3890,5008
3889,5009
3888,5010
3892,5011
3898,5012
3899,5013
8150,5014
8149,5015
8752,5016
7492,5017
5486,5018
5484,5019
5483,5020
5481,5021
5480,5022
5479,5023
9031,5024
8301,5025
8302,5026
2043,5027
2354,5028
2352,5029
2351,5030
2355,5031
2353,5032
8735,5033
8816,5034
8237,5035
8994,5036
344,5037
7357,5038
7263,5039
5494,5040
5493,5041
8829,5042
1148,5043
7281,5044
7280,5045
7279,5046
9212,5047
9211,5048
2078,5049
6372,5050
9098,5051
8521,5052
2007,5053
2358,5054
9069,5055
2942,5056
3830,5057
8224,5058
77,5059
2216,5060
2218,5061
2217,5062
1720,5063
1948,5064
7758,5065
7759,5066
8130,5067
2725,5068
7592,5069
9046,5070
7891,5071
2870,5072
1975,5073
4150,5074
5257,5075
6728,5076
3009,5077
9104,5078
6437,5079
8097,5080
2507,5081
7426,5082
7425,5083
8869,5084
8511,5085
4629,5086
7328,5087
9114,5088
3662,5089
577,5090
3041,5091
8890,5092
6753,5093
1642,5094
8208,5095
5108,5096
7219,5097
7220,5098
7221,5099
8017,5100
168,5101
6905,5102
6666,5103
6667,5104
7007,5105
7008,5106
5631,5107
5632,5108
6618,5109
6619,5110
3716,5111
7354,5112
7356,5113
7355,5114
4746,5115
4745,5116
4102,5117
4103,5118
4104,5119
9229,5120
9230,5121
1847,5122
8020,5123
6787,5124
6489,5125
6490,5126
6491,5127
9127,5128
3983,5129
8359,5130
1421,5131
8417,5132
662,5133
2067,5134
6696,5135
6695,5136
7567,5137
4906,5138
953,5139
260,5140
8182,5141
4223,5142
8914,5143
8457,5144
5295,5145
5294,5146
5264,5147
5349,5148
5647,5149
5205,5150
5204,5151
8082,5152
8081,5153
8080,5154
7954,5155
8352,5156
3877,5157
2022,5158
3529,5159
3127,5160
2134,5161
8822,5162
5289,5163
5287,5164
5286,5165
7945,5166
7208,5167
7206,5168
9208,5169
9209,5170
6741,5171
6742,5172
1974,5173
9291,5174
5343,5175
5346,5176
5345,5177
3318,5178
8700,5179
8466,5180
9097,5181
8487,5182
2772,5183
1933,5184
5018,5185
2578,5186
8776,5187
1067,5188
1532,5189
2295,5190
8263,5191
2616,5192
2615,5193
2614,5194
6435,5195
6436,5196
6382,5197
6381,5198
8513,5199
8512,5200
3664,5201
4124,5202
3793,5203
3794,5204
8687,5205
8891,5206
2620,5207
2739,5208
6702,5209
6703,5210
6701,5211
7487,5212
699,5213
8260,5214
7129,5215
659,5216
7149,5217
4904,5218
5184,5219
7244,5220
7245,5221
8175,5222
1599,5223
8680,5224
4677,5225
4676,5226
6528,5227
6527,5228
1190,5229
1191,5230
8127,5231
8126,5232
1962,5233
6719,5234
6720,5235
6718,5236
7345,5237
5499,5238
4731,5239
4732,5240
1366,5241
1903,5242
1902,5243
7353,5244
7352,5245
9121,5246
8613,5247
7153,5248
6680,5249
7546,5250
8085,5251
5567,5252
5568,5253
7402,5254
7403,5255
9263,5256
9262,5257
5466,5258
5383,5259
3508,5260
3509,5261
5591,5262
5590,5263
1290,5264
1288,5265
1289,5266
7572,5267
7571,5268
4366,5269
7271,5270
7228,5271
212,5272
211,5273
7105,5274
8248,5275
8249,5276
3427,5277
3428,5278
8090,5279
7250,5280
1039,5281
1038,5282
6994,5283
9126,5284
8164,5285
8163,5286
7466,5287
7465,5288
7467,5289
7941,5290
4122,5291
4120,5292
4121,5293
4075,5294
5249,5295
5248,5296
5247,5297
8653,5298
4666,5299
4665,5300
4871,5301
4870,5302
4869,5303
8453,5304
2639,5305
2638,5306
2499,5307
2500,5308
2085,5309
2775,5310
8768,5311
3765,5312
6790,5313
8385,5314
8269,5315
1863,5316
217,5317
9145,5318
7981,5319
3094,5320
8206,5321
8205,5322
1534,5323
8077,5324
5622,5325
5621,5326
5619,5327
4139,5328
4235,5329
3784,5330
8501,5331
708,5332
6904,5333
6903,5334
6902,5335
6901,5336
4566,5337
4664,5338
1804,5339
8058,5340
3771,5341
3772,5342
5576,5343
2997,5344
7260,5345
7908,5346
544,5347
7224,5348
7225,5349
6388,5350
6389,5351
6390,5352
8500,5353
8036,5354
2902,5355
7199,5356
1228,5357
8910,5358
8911,5359
7972,5360
7971,5361
7237,5362
4922,5363
4921,5364
1338,5365
1339,5366
4296,5367
1129,5368
1128,5369
4041,5370
1355,5371
9170,5372
4581,5373
4583,5374
4582,5375
302,5376
8207,5377
7956,5378
7631,5379
7557,5380
4288,5381
8628,5382
8629,5383
6774,5384
823,5385
4289,5386
4290,5387
4373,5388
4372,5389
4374,5390
7388,5391
843,5392
8592,5393
6565,5394
6564,5395
4231,5396
7543,5397
7544,5398
9335,5399
8250,5400
766,5401
3329,5402
9267,5403
2240,5404
6818,5405
6820,5406
3504,5407
5608,5408
555,5409
8627,5410
1136,5411
1135,5412
3503,5413
9065,5414
9177,5415
163,5416
162,5417
4203,5418
4653,5419
2396,5420
1738,5421
8460,5422
3642,5423
8494,5424
8065,5425
8063,5426
1837,5427
799,5428
798,5429
7428,5430
8220,5431
4926,5432
4927,5433
4008,5434
7593,5435
7594,5436
7489,5437
8223,5438
4146,5439
1087,5440
4701,5441
4699,5442
4700,5443
1748,5444
4434,5445
5582,5446
8588,5447
7641,5448
7643,5449
7642,5450
7644,5451
381,5452
6699,5453
3966,5454
7955,5455
9289,5456
4197,5457
4196,5458
4198,5459
4195,5460
4193,5461
4200,5462
9017,5463
8292,5464
8291,5465
3356,5466
8399,5467
8611,5468
7404,5469
8614,5470
7847,5471
837,5472
945,5473
4900,5474
4902,5475
4901,5476
7343,5477
7342,5478
2786,5479
2785,5480
7969,5481
7968,5482
8325,5483
8324,5484
1613,5485
850,5486
4536,5487
4537,5488
1172,5489
5491,5490
5490,5491
4742,5492
6778,5493
1620,5494
7327,5495
7326,5496
6776,5497
6777,5498
1920,5499
1918,5500
1919,5501
5644,5502
3382,5503
6640,5504
4127,5505
353,5506
7246,5507
7728,5508
7729,5509
1835,5510
7650,5511
7649,5512
7579,5513
7580,5514
6984,5515
2687,5516
1492,5517
7612,5518
8247,5519
8111,5520
8112,5521
3980,5522
4587,5523
4588,5524
7659,5525
6571,5526
6623,5527
3672,5528
7198,5529
9064,5530
3243,5531
3244,5532
3245,5533
8180,5534
7696,5535
8516,5536
6270,5537
6375,5538
7552,5539
7553,5540
5317,5541
5316,5542
4697,5543
4696,5544
4695,5545
5048,5546
5046,5547
5047,5548
2976,5549
6860,5550
6858,5551
668,5552
3790,5553
1342,5554
8566,5555
7433,5556
2610,5557
3666,5558
3665,5559
3667,5560
4256,5561
4255,5562
4257,5563
3415,5564
3413,5565
8374,5566
7291,5567
5452,5568
7437,5569
1812,5570
1914,5571
1428,5572
42,5573
7191,5574
6532,5575
5629,5576
4466,5577
4468,5578
4470,5579
4467,5580
3831,5581
3833,5582
3832,5583
355,5584
252,5585
7205,5586
3979,5587
7627,5588
4541,5589
3747,5590
5633,5591
7979,5592
8078,5593
3868,5594
8294,5595
3975,5596
3977,5597
7616,5598
6934,5599
1045,5600
5292,5601
6588,5602
6587,5603
3817,5604
3816,5605
3819,5606
3818,5607
927,5608
4547,5609
4546,5610
7057,5611
6772,5612
6771,5613
706,5614
707,5615
7752,5616
7751,5617
7753,5618
7749,5619
7750,5620
7290,5621
6757,5622
6758,5623
4915,5624
4916,5625
1177,5626
7829,5627
988,5628
696,5629
697,5630
695,5631
694,5632
693,5633
3650,5634
3651,5635
5022,5636
7545,5637
5442,5638
8295,5639
8192,5640
4831,5641
7929,5642
9311,5643
9129,5644
1412,5645
1413,5646
4171,5647
8059,5648
5028,5649
8980,5650
5255,5651
5254,5652
5252,5653
5256,5654
5253,5655
7022,5656
5574,5657
7558,5658
7559,5659
8578,5660
8577,5661
1842,5662
3139,5663
5304,5664
7632,5665
7294,5666
7295,5667
8950,5668
8244,5669
8484,5670
6590,5671
6627,5672
6626,5673
6744,5674
6743,5675
6926,5676
6924,5677
5035,5678
5034,5679
5033,5680
5131,5681
5130,5682
9272,5683
5562,5684
5561,5685
5560,5686
5457,5687
5117,5688
9147,5689
9146,5690
9329,5691
4925,5692
4924,5693
7537,5694
7538,5695
6289,5696
914,5697
8576,5698
7119,5699
4187,5700
4186,5701
5187,5702
5186,5703
8379,5704
6985,5705
2257,5706
6297,5707
6296,5708
1155,5709
5242,5710
5241,5711
2697,5712
8930,5713
4551,5714
4550,5715
4549,5716
4823,5717
4824,5718
4825,5719
4826,5720
8159,5721
8158,5722
2941,5723
2645,5724
2646,5725
4129,5726
8388,5727
2926,5728
2613,5729
931,5730
928,5731
5020,5732
2719,5733
2722,5734
2720,5735
2721,5736
3036,5737
3038,5738
3035,5739
1900,5740
6482,5741
6483,5742
9109,5743
3505,5744
6749,5745
6330,5746
6328,5747
6326,5748
6325,5749
5394,5750
5395,5751
3947,5752
3946,5753
3948,5754
5280,5755
8121,5756
6659,5757
6734,5758
8046,5759
5461,5760
5460,5761
4855,5762
6420,5763
6419,5764
6584,5765
6585,5766
1553,5767
653,5768
654,5769
655,5770
656,5771
4417,5772
8228,5773
8227,5774
4755,5775
7624,5776
7500,5777
6593,5778
6592,5779
7387,5780
3393,5781
3481,5782
4728,5783
8913,5784
1063,5785
4760,5786
4759,5787
1757,5788
4940,5789
6506,5790
6676,5791
6705,5792
6706,5793
2219,5794
4221,5795
267,5796
1758,5797
2761,5798
8442,5799
4107,5800
7846,5801
1096,5802
3838,5803
3837,5804
3368,5805
7257,5806
3519,5807
3520,5808
1649,5809
1650,5810
1624,5811
4572,5812
7457,5813
7321,5814
7322,5815
7456,5816
3189,5817
3942,5818
3943,5819
6357,5820
5310,5821
8265,5822
527,5823
3905,5824
3277,5825
7216,5826
7785,5827
3960,5828
1365,5829
9013,5830
2284,5831
2283,5832
7099,5833
3525,5834
3526,5835
3527,5836
3528,5837
3912,5838
7169,5839
7170,5840
9315,5841
122,5842
9014,5843
7442,5844
7329,5845
7462,5846
7460,5847
4884,5848
4885,5849
4883,5850
8255,5851
7418,5852
7282,5853
6773,5854
3405,5855
8411,5856
1566,5857
6481,5858
5547,5859
8877,5860
3497,5861
3495,5862
8200,5863
1439,5864
8670,5865
3871,5866
3872,5867
2020,5868
6494,5869
8386,5870
776,5871
7305,5872
7306,5873
8483,5874
4384,5875
1928,5876
5666,5877
5665,5878
8519,5879
4214,5880
4212,5881
4213,5882
8663,5883
6401,5884
7970,5885
7060,5886
5270,5887
3160,5888
3159,5889
7363,5890
1793,5891
1794,5892
8062,5893
4930,5894
3239,5895
6739,5896
6361,5897
6362,5898
6359,5899
6603,5900
3421,5901
6723,5902
6721,5903
4656,5904
4655,5905
4799,5906
4798,5907
8828,5908
7946,5909
6317,5910
5334,5911
8350,5912
5518,5913
7628,5914
8115,5915
2573,5916
2575,5917
2574,5918
2576,5919
4230,5920
8229,5921
8084,5922
4784,5923
7139,5924
7605,5925
7670,5926
1576,5927
1575,5928
1574,5929
1572,5930
1571,5931
647,5932
3432,5933
3431,5934
3433,5935
6351,5936
7146,5937
1734,5938
1735,5939
4569,5940
5159,5941
5158,5942
5157,5943
3230,5944
3231,5945
3293,5946
7230,5947
7229,5948
6805,5949
7900,5950
1256,5951
1255,5952
1257,5953
173,5954
368,5955
9112,5956
8436,5957
4499,5958
3702,5959
3703,5960
3259,5961
3260,5962
5326,5963
5327,5964
7382,5965
2731,5966
2730,5967
506,5968
1296,5969
5548,5970
5549,5971
523,5972
7867,5973
5446,5974
5600,5975
5601,5976
1424,5977
2080,5978
2083,5979
2082,5980
593,5981
591,5982
594,5983
592,5984
7707,5985
4576,5986
6579,5987
5244,5988
5245,5989
276,5990
272,5991
274,5992
277,5993
278,5994
273,5995
275,5996
8293,5997
8002,5998
4479,5999
4794,6000
2905,6001
9169,6002
5658,6003
2279,6004
4451,6005
4377,6006
1423,6007
1422,6008
2801,6009
2802,6010
2411,6011
8734,6012
3280,6013
2030,6014
5063,6015
1583,6016
3988,6017
3989,6018
3987,6019
5384,6020
4291,6021
5635,6022
2510,6023
701,6024
1538,6025
9332,6026
7188,6027
8308,6028
7686,6029
7687,6030
7368,6031
7367,6032
8119,6033
7660,6034
1548,6035
2804,6036
7515,6037
2884,6038
2869,6039
8892,6040
8468,6041
6546,6042
574,6043
7711,6044
774,6045
2151,6046
3934,6047
6540,6048
6539,6049
6307,6050
4965,6051
4964,6052
5147,6053
145,6054
143,6055
5051,6056
4559,6057
4558,6058
8083,6059
3370,6060
3369,6061
6918,6062
6917,6063
5430,6064
5431,6065
7693,6066
1953,6067
6451,6068
6450,6069
6536,6070
6538,6071
3348,6072
3350,6073
3352,6074
3349,6075
6550,6076
8057,6077
3181,6078
4126,6079
1405,6080
1406,6081
1274,6082
4259,6083
2904,6084
2903,6085
5015,6086
5233,6087
5232,6088
5230,6089
7196,6090
4408,6091
4409,6092
147,6093
148,6094
6873,6095
6871,6096
6872,6097
4560,6098
4563,6099
4561,6100
1515,6101
1516,6102
3909,6103
5543,6104
9042,6105
9041,6106
9190,6107
6581,6108
6510,6109
6509,6110
4143,6111
4142,6112
4141,6113
8360,6114
2657,6115
2656,6116
6470,6117
4109,6118
6797,6119
6796,6120
1838,6121
4974,6122
6954,6123
1807,6124
2550,6125
6800,6126
4899,6127
8995,6128
607,6129
845,6130
72,6131
1331,6132
5103,6133
5102,6134
4218,6135
3588,6136
3820,6137
2469,6138
688,6139
6492,6140
4302,6141
4375,6142
8646,6143
4827,6144
8489,6145
1915,6146
6724,6147
6727,6148
6748,6149
9252,6150
6458,6151
6459,6152
5673,6153
5674,6154
8274,6155
3714,6156
7168,6157
8827,6158
6792,6159
809,6160
2390,6161
1232,6162
1233,6163
1231,6164
249,6165
250,6166
5045,6167
8973,6168
4371,6169
2829,6170
5219,6171
5272,6172
5223,6173
5224,6174
5173,6175
5320,6176
5160,6177
5162,6178
3079,6179
4976,6180
4978,6181
3710,6182
3707,6183
7023,6184
6731,6185
6460,6186
6462,6187
7506,6188
1017,6189
7077,6190
1709,6191
1711,6192
1708,6193
1710,6194
1712,6195
306,6196
307,6197
8257,6198
8277,6199
7673,6200
7674,6201
4501,6202
4500,6203
8049,6204
8165,6205
5639,6206
3577,6207
3579,6208
1969,6209
4715,6210
4713,6211
4714,6212
6334,6213
5088,6214
5089,6215
8107,6216
2594,6217
2672,6218
2718,6219
6733,6220
5613,6221
4076,6222
7378,6223
2013,6224
8012,6225
8013,6226
5342,6227
5458,6228
5459,6229
5477,6230
8129,6231
645,6232
2885,6233
5488,6234
7131,6235
4299,6236
2568,6237
2567,6238
9004,6239
7336,6240
6519,6241
6520,6242
1887,6243
3560,6244
8275,6245
7330,6246
5166,6247
8015,6248
6775,6249
4238,6250
6933,6251
3106,6252
3107,6253
3104,6254
8273,6255
5426,6256
5427,6257
6404,6258
6405,6259
6959,6260
6960,6261
6961,6262
5021,6263
4276,6264
4179,6265
6857,6266
2938,6267
3610,6268
990,6269
7880,6270
1699,6271
6283,6272
7296,6273
472,6274
8435,6275
180,6276
167,6277
875,6278
735,6279
116,6280
117,6281
9186,6282
5680,6283
5678,6284
5679,6285
5607,6286
7420,6287
6411,6288
5306,6289
4181,6290
316,6291
4318,6292
4317,6293
4316,6294
5425,6295
7431,6296
7675,6297
7676,6298
639,6299
638,6300
637,6301
7960,6302
5019,6303
4942,6304
1483,6305
1623,6306
8231,6307
3043,6308
2972,6309
2971,6310
8414,6311
8415,6312
4956,6313
8219,6314
5403,6315
5402,6316
7308,6317
170,6318
454,6319
4804,6320
4806,6321
4821,6322
4820,6323
6817,6324
3440,6325
6663,6326
6662,6327
7677,6328
5027,6329
6566,6330
7162,6331
4324,6332
4021,6333
2339,6334
1488,6335
1737,6336
5443,6337
7985,6338
7376,6339
4586,6340
4584,6341
6732,6342
6900,6343
5472,6344
5471,6345
5470,6346
8147,6347
5340,6348
4306,6349
3172,6350
3173,6351
2832,6352
2317,6353
897,6354
6554,6355
3133,6356
3134,6357
3135,6358
1684,6359
4680,6360
286,6361
287,6362
285,6363
2109,6364
7159,6365
3241,6366
8286,6367
8287,6368
5211,6369
5212,6370
669,6371
5504,6372
7301,6373
7300,6374
3597,6375
3295,6376
2735,6377
6599,6378
222,6379
5175,6380
2828,6381
4623,6382
9119,6383
9003,6384
6596,6385
4894,6386
4895,6387
8550,6388
4979,6389
2820,6390
102,6391
8945,6392
3808,6393
3807,6394
6829,6395
7452,6396
3786,6397
2059,6398
6484,6399
895,6400
8280,6401
2582,6402
2129,6403
2204,6404
6632,6405
882,6406
883,6407
1015,6408
5213,6409
4432,6410
719,6411
4337,6412
4338,6413
2071,6414
2070,6415
387,6416
2505,6417
1498,6418
3930,6419
4403,6420
2480,6421
2481,6422
2482,6423
2479,6424
2065,6425
3723,6426
4811,6427
3881,6428
6354,6429
7496,6430
830,6431
4761,6432
8170,6433
4710,6434
4796,6435
4756,6436
4757,6437
4071,6438
6505,6439
4770,6440
1654,6441
1653,6442
1651,6443
7187,6444
1337,6445
5440,6446
8135,6447
6562,6448
2154,6449
5079,6450
2062,6451
3025,6452
3024,6453
7369,6454
4950,6455
8373,6456
1150,6457
5522,6458
8412,6459
2346,6460
2344,6461
2345,6462
943,6463
1895,6464
7240,6465
3685,6466
3684,6467
4859,6468
3727,6469
3726,6470
4740,6471
4739,6472
8793,6473
5627,6474
5023,6475
4575,6476
2033,6477
2035,6478
2034,6479
2446,6480
768,6481
6898,6482
5659,6483
2943,6484
2944,6485
2945,6486
2946,6487
5154,6488
2805,6489
3674,6490
6863,6491
1448,6492
1446,6493
1447,6494
5054,6495
1787,6496
7434,6497
169,6498
6648,6499
4397,6500
4396,6501
4394,6502
5144,6503
4378,6504
4160,6505
3182,6506
2210,6507
7419,6508
5297,6509
6738,6510
8836,6511
8529,6512
9128,6513
7450,6514
5017,6515
2302,6516
6516,6517
6515,6518
2814,6519
3568,6520
3570,6521
3571,6522
3572,6523
3566,6524
2166,6525
2165,6526
6998,6527
3938,6528
4352,6529
5068,6530
5069,6531
8357,6532
1713,6533
3450,6534
1335,6535
4849,6536
4850,6537
1660,6538
4005,6539
1784,6540
4414,6541
1982,6542
2478,6543
4628,6544
7414,6545
3913,6546
3914,6547
1899,6548
2857,6549
2855,6550
2858,6551
3371,6552
2599,6553
5010,6554
4424,6555
4425,6556
5012,6557
6928,6558
6927,6559
5358,6560
5359,6561
4084,6562
4082,6563
4083,6564
4092,6565
4091,6566
322,6567
3199,6568
3944,6569
2929,6570
2930,6571
2931,6572
2932,6573
2933,6574
6973,6575
6975,6576
6974,6577
1760,6578
5032,6579
7694,6580
5098,6581
5025,6582
5371,6583
3884,6584
3883,6585
68,6586
69,6587
7507,6588
5120,6589
5195,6590
2864,6591
6560,6592
5354,6593
8392,6594
5611,6595
2793,6596
6861,6597
6859,6598
3646,6599
3645,6600
3644,6601
4239,6602
7262,6603
7261,6604
4861,6605
4860,6606
4862,6607
3678,6608
4416,6609
6273,6610
7364,6611
781,6612
782,6613
7529,6614
7530,6615
4752,6616
4753,6617
5677,6618
457,6619
5401,6620
5400,6621
7270,6622
5319,6623
820,6624
4077,6625
5683,6626
3459,6627
85,6628
5281,6629
8160,6630
8095,6631
164,6632
481,6633
3392,6634
3391,6635
7443,6636
7156,6637
682,6638
683,6639
6991,6640
6988,6641
6786,6642
3141,6643
5094,6644
5095,6645
4845,6646
6911,6647
4912,6648
6341,6649
4723,6650
3513,6651
5624,6652
3254,6653
4527,6654
4528,6655
3061,6656
4407,6657
3993,6658
3992,6659
6350,6660
3798,6661
3799,6662
949,6663
5152,6664
5153,6665
3952,6666
4332,6667
4331,6668
4333,6669
5011,6670
3396,6671
9210,6672
2707,6673
8659,6674
8456,6675
5424,6676
7036,6677
5585,6678
5570,6679
4602,6680
4603,6681
4484,6682
4485,6683
4952,6684
7349,6685
1217,6686
7014,6687
7015,6688
2580,6689
1689,6690
1688,6691
1687,6692
1686,6693
4226,6694
2399,6695
1849,6696
3012,6697
3957,6698
3956,6699
1771,6700
3220,6701
3218,6702
3219,6703
550,6704
2113,6705
5469,6706
4807,6707
4808,6708
2924,6709
2923,6710
2921,6711
2920,6712
5064,6713
4494,6714
1372,6715
4473,6716
4474,6717
4471,6718
1557,6719
7309,6720
2623,6721
280,6722
5150,6723
9,6724
10,6725
5322,6726
6321,6727
6948,6728
1481,6729
1480,6730
4833,6731
4832,6732
1662,6733
7454,6734
2907,6735
4443,6736
4441,6737
2300,6738
2626,6739
7666,6740
5653,6741
8024,6742
1826,6743
1752,6744
7458,6745
1368,6746
1465,6747
4422,6748
6414,6749
9237,6750
1906,6751
3654,6752
3655,6753
3598,6754
2079,6755
5675,6756
1923,6757
1921,6758
5412,6759
5262,6760
3826,6761
7672,6762
6465,6763
525,6764
601,6765
602,6766
7638,6767
336,6768
338,6769
335,6770
5449,6771
2359,6772
7995,6773
7490,6774
6475,6775
4350,6776
4600,6777
4599,6778
13,6779
6488,6780
7533,6781
1600,6782
1598,6783
6304,6784
3984,6785
3343,6786
3342,6787
1767,6788
1769,6789
6467,6790
4421,6791
3922,6792
3921,6793
4758,6794
4311,6795
1560,6796
3990,6797
3434,6798
8120,6799
2252,6800
5610,6801
2698,6802
4692,6803
7074,6804
7075,6805
4970,6806
5189,6807
5188,6808
4634,6809
5005,6810
8545,6811
4875,6812
4874,6813
5167,6814
7540,6815
261,6816
3266,6817
3265,6818
4328,6819
6766,6820
6501,6821
4662,6822
3754,6823
3755,6824
1644,6825
1645,6826
940,6827
939,6828
7047,6829
7044,6830
7048,6831
7045,6832
3129,6833
4532,6834
4726,6835
3191,6836
3264,6837
6665,6838
5239,6839
8363,6840
2817,6841
1027,6842
908,6843
1294,6844
8482,6845
3686,6846
3687,6847
5179,6848
4426,6849
8823,6850
6950,6851
3489,6852
3488,6853
3486,6854
3487,6855
2367,6856
3750,6857
4167,6858
4168,6859
3594,6860
4725,6861
5538,6862
1980,6863
3119,6864
3120,6865
3117,6866
1955,6867
8432,6868
3855,6869
3852,6870
1378,6871
1377,6872
3856,6873
4800,6874
4507,6875
2803,6876
6313,6877
5006,6878
376,6879
6654,6880
584,6881
2716,6882
546,6883
545,6884
2600,6885
5339,6886
5337,6887
7754,6888
3078,6889
3077,6890
4382,6891
891,6892
892,6893
6445,6894
1801,6895
1802,6896
1800,6897
2845,6898
7475,6899
3705,6900
8290,6901
4773,6902
4772,6903
4635,6904
4718,6905
2274,6906
2958,6907
4233,6908
2195,6909
2196,6910
7265,6911
8038,6912
3744,6913
9206,6914
2106,6915
6969,6916
4918,6917
3764,6918
6602,6919
2414,6920
2415,6921
126,6922
4830,6923
6324,6924
3499,6925
3498,6926
5370,6927
2069,6928
1958,6929
1896,6930
4492,6931
2712,6932
3192,6933
3194,6934
3316,6935
4216,6936
4215,6937
5606,6938
4998,6939
5307,6940
3429,6941
1861,6942
7927,6943
6735,6944
3278,6945
3279,6946
2340,6947
2341,6948
2342,6949
5126,6950
4949,6951
3920,6952
772,6953
773,6954
8993,6955
8762,6956
4149,6957
6697,6958
999,6959
4853,6960
4844,6961
4843,6962
3315,6963
2221,6964
5681,6965
4489,6966
2807,6967
4012,6968
2407,6969
6808,6970
6809,6971
5475,6972
4164,6973
2879,6974
2880,6975
4445,6976
2397,6977
6547,6978
2985,6979
2986,6980
2987,6981
4419,6982
1429,6983
4253,6984
4254,6985
1214,6986
2209,6987
1411,6988
3768,6989
3206,6990
3367,6991
4114,6992
4188,6993
4189,6994
2024,6995
4210,6996
1198,6997
2285,6998
2680,6999
2679,7000
611,7001
610,7002
7712,7003
3064,7004
1718,7005
3438,7006
3439,7007
415,7008
412,7009
414,7010
3187,7011
8509,7012
7217,7013
6315,7014
4526,7015
2073,7016
2074,7017
4267,7018
3846,7019
3847,7020
5584,7021
8682,7022
6636,7023
1907,7024
2381,7025
2380,7026
3653,7027
3652,7028
4846,7029
2501,7030
4813,7031
1545,7032
1610,7033
8139,7034
6563,7035
4020,7036
4019,7037
45,7038
6877,7039
1569,7040
7085,7041
7086,7042
14,7043
57,7044
1303,7045
2379,7046
825,7047
3981,7048
6651,7049
8298,7050
5529,7051
4088,7052
7213,7053
7215,7054
247,7055
2703,7056
2704,7057
899,7058
5198,7059
2503,7060
2873,7061
2872,7062
2053,7063
2051,7064
2052,7065
4691,7066
3419,7067
5682,7068
3711,7069
3713,7070
6884,7071
3403,7072
5626,7073
1477,7074
3142,7075
3479,7076
3478,7077
4984,7078
4430,7079
979,7080
981,7081
4234,7082
4323,7083
4465,7084
258,7085
7695,7086
4418,7087
6874,7088
1564,7089
1565,7090
2960,7091
2959,7092
2700,7093
3540,7094
2565,7095
2566,7096
2564,7097
4990,7098
4054,7099
3044,7100
2611,7101
4287,7102
5325,7103
4191,7104
4190,7105
1102,7106
870,7107
871,7108
4498,7109
2684,7110
2913,7111
4678,7112
4968,7113
3576,7114
5391,7115
5436,7116
4963,7117
4359,7118
4360,7119
4437,7120
4436,7121
5614,7122
4066,7123
4065,7124
2308,7125
3197,7126
3198,7127
4222,7128
1536,7129
1535,7130
3140,7131
4610,7132
6311,7133
2619,7134
2618,7135
1487,7136
328,7137
4381,7138
4380,7139
3000,7140
2999,7141
4864,7142
3917,7143
3918,7144
203,7145
204,7146
2002,7147
2182,7148
1561,7149
1562,7150
1563,7151
3090,7152
3089,7153
4486,7154
3843,7155
588,7156
3542,7157
2526,7158
1267,7159
6466,7160
3080,7161
3575,7162
7155,7163
790,7164
3879,7165
3878,7166
4151,7167
6412,7168
3803,7169
3804,7170
6869,7171
3515,7172
1529,7173
784,7174
749,7175
2919,7176
2918,7177
1874,7178
5299,7179
1549,7180
1550,7181
700,7182
5689,7183
1942,7184
4873,7185
5065,7186
7760,7187
3169,7188
3168,7189
2303,7190
2304,7191
7863,7192
4135,7193
4367,7194
5609,7195
985,7196
3953,7197
1103,7198
2250,7199
4326,7200
3477,7201
6356,7202
4797,7203
6875,7204
4919,7205
3915,7206
5495,7207
1604,7208
1605,7209
4336,7210
8000,7211
6713,7212
4138,7213
2990,7214
2819,7215
1113,7216
2791,7217
2917,7218
4169,7219
3954,7220
3307,7221
3306,7222
658,7223
1788,7224
1789,7225
3053,7226
1220,7227
4818,7228
423,7229
5323,7230
3424,7231
3423,7232
7697,7233
2427,7234
2426,7235
2511,7236
3464,7237
881,7238
878,7239
879,7240
4427,7241
3680,7242
3310,7243
1844,7244
2897,7245
2896,7246
3717,7247
3718,7248
3201,7249
2454,7250
2455,7251
1455,7252
1454,7253
5091,7254
3448,7255
3447,7256
5049,7257
4535,7258
4464,7259
4463,7260
2094,7261
644,7262
3022,7263
4260,7264
4491,7265
3091,7266
3092,7267
1830,7268
3783,7269
2605,7270
1396,7271
4838,7272
572,7273
4433,7274
7256,7275
4681,7276
4123,7277
5084,7278
4660,7279
3583,7280
6897,7281
5386,7282
6906,7283
2005,7284
2006,7285
4766,7286
964,7287
7705,7288
3806,7289
2838,7290
804,7291
800,7292
802,7293
1402,7294
4668,7295
4530,7296
6336,7297
4502,7298
4822,7299
1226,7300
1230,7301
4308,7302
4852,7303
2038,7304
2039,7305
4244,7306
3340,7307
3339,7308
3202,7309
3204,7310
4620,7311
2831,7312
2412,7313
4863,7314
6922,7315
6923,7316
1669,7317
4597,7318
5284,7319
2017,7320
382,7321
1408,7322
1407,7323
1379,7324
1380,7325
1281,7326
508,7327
2211,7328
2212,7329
6945,7330
1799,7331
3305,7332
4365,7333
1461,7334
1460,7335
3533,7336
3534,7337
4415,7338
1014,7339
5423,7340
2556,7341
1075,7342
2973,7343
3327,7344
3328,7345
2653,7346
2654,7347
6447,7348
3796,7349
3795,7350
4932,7351
4967,7352
2435,7353
2436,7354
4555,7355
379,7356
3298,7357
3299,7358
2562,7359
3317,7360
1943,7361
1951,7362
1950,7363
3049,7364
3048,7365
3595,7366
4319,7367
6814,7368
6815,7369
253,7370
7811,7371
7814,7372
7813,7373
4431,7374
3324,7375
3313,7376
1073,7377
3873,7378
1963,7379
1140,7380
7855,7381
2515,7382
2516,7383
2513,7384
2437,7385
3015,7386
3014,7387
2837,7388
4589,7389
6964,7390
6965,7391
1945,7392
2738,7393
3691,7394
5133,7395
4402,7396
2882,7397
4248,7398
5652,7399
3848,7400
2522,7401
3501,7402
3502,7403
1929,7404
3362,7405
3360,7406
91,7407
4781,7408
2661,7409
2662,7410
2063,7411
327,7412
1371,7413
1246,7414
3507,7415
7717,7416
7718,7417
7004,7418
3373,7419
3374,7420
3358,7421
3483,7422
1543,7423
1544,7424
1120,7425
6932,7426
6931,7427
6930,7428
405,7429
6508,7430
3397,7431
3398,7432
750,7433
5031,7434
3801,7435
3802,7436
629,7437
2658,7438
2621,7439
1326,7440
796,7441
2247,7442
4034,7443
765,7444
4980,7445
3876,7446
2779,7447
2778,7448
5007,7449
3850,7450
1502,7451
2787,7452
915,7453
3715,7454
2541,7455
2542,7456
909,7457
4228,7458
3137,7459
3556,7460
6895,7461
6896,7462
926,7463
1433,7464
6652,7465
2538,7466
2537,7467
4712,7468
6881,7469
6880,7470
3441,7471
5268,7472
3919,7473
705,7474
896,7475
4387,7476
357,7477
449,7478
451,7479
7833,7480
3372,7481
4632,7482
5500,7483
715,7484
7005,7485
1577,7486
957,7487
3059,7488
7830,7489
2836,7490
3530,7491
3734,7492
4086,7493
1809,7494
3629,7495
1810,7496
7042,7497
7043,7498
2316,7499
3663,7500
1739,7501
3057,7502
3225,7503
3224,7504
5002,7505
3683,7506
3587,7507
3586,7508
1320,7509
841,7510
842,7511
4552,7512
643,7513
2777,7514
3399,7515
5136,7516
2313,7517
2309,7518
3785,7519
2546,7520
2544,7521
2110,7522
2111,7523
3551,7524
5092,7525
4078,7526
3010,7527
2950,7528
1321,7529
3384,7530
942,7531
3617,7532
5510,7533
219,7534
833,7535
3385,7536
4183,7537
4052,7538
3158,7539
3236,7540
3235,7541
2418,7542
2417,7543
4334,7544
4361,7545
3070,7546
3071,7547
1822,7548
1484,7549
3762,7550
1145,7551
1493,7552
1146,7553
2291,7554
2290,7555
1981,7556
2408,7557
22,7558
23,7559
4743,7560
1006,7561
876,7562
2908,7563
1924,7564
2848,7565
2172,7566
149,7567
2322,7568
3649,7569
2512,7570
3176,7571
729,7572
728,7573
2759,7574
2961,7575
1694,7576
1693,7577
3383,7578
179,7579
3706,7580
963,7581
961,7582
2200,7583
2201,7584
3326,7585
5333,7586
1210,7587
3939,7588
3162,7589
3163,7590
1356,7591
4785,7592
76,7593
4315,7594
4404,7595
3389,7596
3166,7597
5651,7598
634,7599
2742,7600
2294,7601
3281,7602
3532,7603
2021,7604
4461,7605
1724,7606
1723,7607
4769,7608
7151,7609
4531,7610
991,7611
861,7612
2152,7613
6813,7614
5283,7615
2547,7616
2548,7617
997,7618
4313,7619
6832,7620
6835,7621
6833,7622
599,7623
1763,7624
3788,7625
3962,7626
2632,7627
2702,7628
2734,7629
1972,7630
1973,7631
2362,7632
2361,7633
4893,7634
1818,7635
1445,7636
714,7637
7818,7638
4006,7639
3887,7640
4571,7641
826,7642
1176,7643
5634,7644
1123,7645
3824,7646
2555,7647
2116,7648
2117,7649
2861,7650
2860,7651
624,7652
3425,7653
2489,7654
2488,7655
4036,7656
3945,7657
2176,7658
2174,7659
2177,7660
1241,7661
2376,7662
2377,7663
586,7664
587,7665
3144,7666
479,7667
480,7668
3205,7669
1506,7670
3926,7671
1351,7672
49,7673
48,7674
1116,7675
1117,7676
3774,7677
2015,7678
2853,7679
2854,7680
1910,7681
1911,7682
3276,7683
1870,7684
783,7685
4133,7686
1036,7687
1832,7688
684,7689
3442,7690
2337,7691
2360,7692
1358,7693
2276,7694
6962,7695
3611,7696
2844,7697
1703,7698
944,7699
3257,7700
887,7701
4763,7702
737,7703
738,7704
4105,7705
7037,7706
1533,7707
3026,7708
390,7709
3051,7710
120,7711
119,7712
994,7713
993,7714
1499,7715
1500,7716
1592,7717
166,7718
171,7719
7113,7720
1362,7721
3757,7722
2114,7723
2023,7724
3760,7725
1597,7726
1596,7727
3626,7728
2727,7729
2494,7730
3018,7731
2892,7732
745,7733
746,7734
3098,7735
2042,7736
1159,7737
3600,7738
4521,7739
4405,7740
3395,7741
1322,7742
1817,7743
4159,7744
3491,7745
4307,7746
3596,7747
3211,7748
4661,7749
404,7750
4354,7751
517,7752
1647,7753
3435,7754
5277,7755
787,7756
1213,7757
7856,7758
2881,7759
3040,7760
1475,7761
1476,7762
540,7763
3303,7764
4520,7765
816,7766
2888,7767
467,7768
1999,7769
6864,7770
1791,7771
1790,7772
2124,7773
2348,7774
1432,7775
1430,7776
3949,7777
372,7778
1521,7779
2674,7780
2677,7781
1032,7782
2444,7783
428,7784
429,7785
2763,7786
744,7787
1705,7788
3737,7789
3116,7790
1587,7791
3482,7792
6951,7793
1457,7794
2609,7795
666,7796
1007,7797
7000,7798
3128,7799
1242,7800
4282,7801
986,7802
1750,7803
1555,7804
1554,7805
2386,7806
1199,7807
856,7808
397,7809
110,7810
3067,7811
3751,7812
3063,7813
321,7814
763,7815
3076,7816
1187,7817
2874,7818
936,7819
2251,7820
1671,7821
1672,7822
576,7823
7094,7824
3121,7825
868,7826
3698,7827
7845,7828
3222,7829
3319,7830
3021,7831
2128,7832
98,7833
3248,7834
257,7835
1805,7836
2018,7837
548,7838
1798,7839
2046,7840
244,7841
3582,7842
2162,7843
1048,7844
1049,7845
15,7846
4358,7847
2996,7848
2115,7849
2824,7850
2271,7851
2273,7852
1629,7853
1373,7854
2746,7855
2798,7856
7747,7857
1517,7858
1023,7859
4236,7860
2527,7861
1245,7862
2413,7863
174,7864
96,7865
761,7866
231,7867
2953,7868
3184,7869
2477,7870
1581,7871
6888,7872
1060,7873
742,7874
360,7875
443,7876
3300,7877
4722,7878
2140,7879
2198,7880
1360,7881
1395,7882
1071,7883
788,7884
793,7885
3781,7886
2335,7887
3561,7888
1881,7889
3033,7890
2265,7891
1667,7892
1908,7893
6963,7894
2910,7895
1715,7896
2495,7897
4670,7898
2278,7899
6937,7900
3996,7901
2729,7902
1175,7903
1081,7904
2189,7905
7710,7906
509,7907
6982,7908
3553,7909
3183,7910
2890,7911
2400,7912
1459,7913
1182,7914
1181,7915
1947,7916
2994,7917
3675,7918
2928,7919
1797,7920
1897,7921
2685,7922
1514,7923
3251,7924
3609,7925
933,7926
2887,7927
3179,7928
760,7929
445,7930
2519,7931
2916,7932
3545,7933
301,7934
2560,7935
2939,7936
1070,7937
2016,7938
1437,7939
2431,7940
2493,7941
7854,7942
571,7943
2365,7944
1746,7945
3346,7946
7024,7947
34,7948
756,7949
2486,7950
25,7951
1968,7952
3267,7953
6919,7954
3029,7955
3485,7956
3381,7957
6878,7958
7783,7959
911,7960
3195,7961
2782,7962
531,7963
7778,7964
2745,7965
6987,7966
1749,7967
1764,7968
1268,7969
2208,7970
1665,7971
2497,7972
1524,7973
2765,7974
1931,7975
3792,7976
1490,7977
1029,7978
6981,7979
181,7980
2558,7981
1733,7982
1740,7983
2717,7984
2846,7985
2060,7986
2491,7987
432,7988
767,7989
541,7990
1883,7991
2593,7992
1700,7993
733,7994
3088,7995
2891,7996
556,7997
954,7998
2268,7999
935,8000
394,8001
2188,8002
3484,8003
1312,8004
44,8005
2470,8006
1754,8007
1178,8008
1864,8009
3111,8010
1034,8011
3268,8012
2906,8013
2270,8014
1836,8015
1297,8016
1275,8017
1387,8018
2773,8019
1414,8020
2453,8021
2246,8022
779,8023
910,8024
7073,8025
1852,8026
877,8027
2968,8028
795,8029
484,8030
317,8031
554,8032
1458,8033
6976,8034
2232,8035
751,8036
2029,8037
1558,8038
1478,8039
2462,8040
2164,8041
139,8042
6856,8043
351,8044
352,8045
1003,8046
904,8047
1744,8048
1721,8049
1309,8050
1706,8051
346,8052
494,8053
1184,8054
7114,8055
1990,8056
1164,8057
2728,8058
2812,8059
383,8060
2287,8061
1995,8062
934,8063
2058,8064
2627,8065
2498,8066
1882,8067
1389,8068
2036,8069
1819,8070
657,8071
7832,8072
1941,8073
589,8074
1745,8075
1082,8076
7745,8077
2031,8078
2314,8079
304,8080
1124,8081
849,8082
1051,8083
1301,8084
1619,8085
621,8086
1909,8087
7821,8088
7840,8089
2147,8090
2236,8091
2011,8092
2126,8093
889,8094
427,8095
2474,8096
2305,8097
703,8098
1381,8099
3473,8100
1132,8101
1441,8102
1409,8103
1209,8104
1618,8105
421,8106
430,8107
1813,8108
455,8109
1094,8110
1956,8111
2009,8112
1434,8113
444,8114
1803,8115
1944,8116
741,8117
635,8118
1510,8119
474,8120
1633,8121
1595,8122
1440,8123
1682,8124
1846,8125
1637,8126
740,8127
1158,8128
1218,8129
290,8130
2409,8131
7820,8132
711,8133
406,8134
1526,8135
7699,8136
1886,8137
38,8138
1567,8139
848,8140
671,8141
7762,8142
1349,8143
155,8144
975,8145
762,8146
1473,8147
1622,8148
1668,8149
633,8150
356,8151
1452,8152
1142,8153
727,8154
1348,8155
1325,8156
201,8157
453,8158
1137,8159
617,8160
7741,8161
1279,8162
948,8163
1139,8164
232,8165
900,8166
7111,8167
27,8168
32,8169
901,8170
59,8171
752,8172
8840,8173
361,8174
452,8175
791,8176
786,8177
884,8178
1829,8179
2107,8180
1025,8181
483,8182
115,8183
279,8184
7116,8185
984,8186
860,8187
680,8188
7671,8189
747,8190
996,8191
5612,8192
1207,8193
269,8194
8593,8195
8575,8196
3023,8197
9299,8198
93,8199
605,8200
989,8201
6,8202
362,8203
264,8204
1827,8205
1753,8206
396,8207
7691,8208
3,8209
1090,8210
7667,8211
399,8212
1770,8213
946,8214
2072,8215
3695,8216
4897,8217
2757,8218
80,8219
862,8220
2048,8221
4478,8222
2064,8223
8419,8224
2075,8225
4362,8226
970,8227
8535,8228
1072,8229
1042,8230
442,8231
478,8232
810,8233
1811,8234
1044,8235
7982,8236
55,8237
4896,8238
581,8239
3058,8240
836,8241
1058,8242
573,8243
950,8244
4522,8245
512,8246
4983,8247
5055,8248
1580,8249
7781,8250
3238,8251
6955,8252
1450,8253
2235,8254
7789,8255
1586,8256
1588,8257
2228,8258
7038,8259
92,8260
778,8261
2875,8262
235,8263
7377,8264
6929,8265
8718,8266
402,8267
2203,8268
392,8269
1611,8270
1614,8271
6576,8272
158,8273
1579,8274
687,8275
5497,8276
6499,8277
5093,8278
9144,8279
1541,8280
2275,8281
367,8282
9148,8283
1509,8284
8757,8285
2286,8286
5530,8287
650,8288
1463,8289
1497,8290
2301,8291
227,8292
1489,8293
7006,8294
2893,8295
6971,8296
3320,8297
4573,8298
333,8299
2244,8300
894,8301
220,8302
88,8303
2178,8304
3223,8305
7080,8306
1663,8307
1991,8308
1293,8309
1284,8310
7835,8311
510,8312
218,8313
282,8314
1273,8315
7600,8316
138,8317
1264,8318
522,8319
1685,8320
1247,8321
771,8322
7087,8323
320,8324
50,8325
1236,8326
123,8327
614,8328
130,8329
1646,8330
131,8331
9070,8332
502,8333
4674,8334
1375,8335
1634,8336
7819,8337
137,8338
1367,8339
3456,8340
20,8341
2422,8342
1638,8343
1352,8344
468,8345
1343,8346
1639,8347
1334,8348
3867,8349
1324,8350
2445,8351
501,8352
8681,8353
132,8354
7061,8355
847,8356
