id,cluster
1,57
10,73
100,78
1000,14
1001,69
1002,56
1003,7
1004,67
1005,67
1006,67
1007,68
1008,41
1009,7
101,7
1010,77
1011,63
1012,54
1013,82
1014,82
1015,69
1016,3
1017,77
1018,32
1019,24
102,81
1020,73
1021,55
1022,72
1023,82
1024,8
1025,77
1026,78
1027,54
1028,14
1029,66
103,7
1030,78
1031,71
1032,77
1033,53
1034,69
1035,76
1036,24
1037,67
1038,32
1039,69
104,57
1040,59
1041,77
1042,72
1043,72
1044,63
1045,6
1046,78
1047,56
1048,64
1049,67
105,67
1050,48
1051,72
1052,41
1053,81
1054,45
1055,78
1056,69
1057,79
1058,63
1059,35
106,75
1060,63
1061,9
1062,66
1063,27
1064,42
1065,24
1066,75
1067,71
1068,77
1069,8
107,56
1070,12
1071,76
1072,72
1073,26
1074,57
1075,69
1076,6
1077,68
1078,77
1079,25
108,72
1080,53
1081,69
1082,69
1083,73
1084,57
1085,47
1086,11
1087,78
1088,37
1089,74
109,68
1090,47
1091,78
1092,41
1094,73
1095,14
1096,7
1097,69
1098,35
1099,34
11,75
110,75
1100,66
1101,71
1102,71
1103,46
1104,68
1105,73
1106,69
1107,69
1108,12
1109,3
111,67
1111,35
1112,69
1113,54
1114,75
1115,5
1116,25
1117,21
1118,6
1119,68
112,82
1120,83
1121,28
1122,72
1123,78
1124,9
1125,75
1126,68
1127,63
1128,6
1129,78
113,68
1130,28
1131,8
1132,18
1133,32
1134,67
1135,83
1136,72
1138,71
1139,6
114,71
1140,72
1141,75
1142,75
1143,32
1144,27
1145,52
1146,83
1147,63
1148,47
1149,75
115,8
1150,77
1151,68
1152,35
1153,63
1154,76
1155,72
1156,72
1157,79
1158,79
1159,54
116,67
1160,34
1161,42
1162,68
1163,67
1164,82
1165,34
1166,54
1167,64
1168,57
1169,52
1170,42
1171,34
1172,21
1173,78
1174,47
1175,68
1176,69
1177,72
1178,76
1179,5
118,71
1180,56
1181,72
1182,69
1183,9
1184,72
1185,54
1186,45
1187,2
1188,77
1189,72
119,68
1190,5
1191,64
1192,75
1193,67
1194,11
1195,81
1196,68
1197,64
1198,69
1199,8
12,78
120,79
1200,82
1201,63
1202,64
1203,12
1204,72
1205,78
1206,27
1207,18
1208,7
1209,82
121,73
1210,63
1211,35
1212,57
1213,53
1214,17
1215,71
1216,28
1217,41
1218,77
1219,11
122,55
1220,64
1221,69
1222,78
1223,62
1224,28
1225,63
1226,57
1227,9
1228,52
1229,32
123,66
1230,3
1231,75
1232,64
1233,72
1234,69
1235,5
1236,55
1238,45
1239,55
124,66
1240,34
1241,7
1242,58
1243,75
1244,82
1245,72
1247,21
1248,9
1249,78
125,7
1250,69
1251,5
1252,69
1253,8
1254,63
1255,78
1256,72
1257,63
1258,69
1259,35
126,79
1260,41
1261,71
1262,78
1263,27
1264,34
1265,82
1266,68
1267,14
1268,64
1269,32
127,35
1270,66
1271,63
1272,63
1273,32
1274,82
1275,68
1276,72
1277,73
1278,3
1279,35
128,77
1280,69
1281,7
1282,75
1283,24
1284,53
1285,69
1286,77
1287,82
1288,48
1289,59
129,68
1290,8
1291,59
1292,72
1293,71
1294,6
1295,41
1296,6
1297,32
1298,75
1299,54
13,73
130,74
1301,82
1302,54
1303,68
1304,73
1305,82
1306,63
1307,79
1308,36
1309,64
131,8
1310,76
1311,42
1312,73
1313,69
1314,66
1315,83
1316,37
1317,28
1318,36
1319,82
132,82
1320,67
1321,59
1322,8
1323,69
1324,53
1325,42
1326,3
1327,46
1328,23
1329,56
133,75
1330,82
1331,59
1332,59
1333,9
1334,59
1335,69
1336,8
1337,8
1338,8
1339,24
134,66
1340,43
1341,35
1342,17
1343,5
1344,71
1345,74
1346,45
1347,45
1348,69
1349,54
135,68
1350,71
1351,6
1352,57
1353,5
1354,53
1355,68
1356,76
1357,7
1358,69
1359,35
136,71
1360,78
1361,71
1362,3
1363,41
1364,57
1365,6
1366,5
1367,78
1368,52
1369,68
137,78
1370,75
1371,78
1372,2
1373,63
1374,82
1375,45
1376,53
1377,74
1378,57
1379,34
138,75
1380,34
1381,77
1382,26
1383,32
1384,3
1385,66
1386,28
1387,53
1388,48
1389,49
139,57
1390,63
1391,73
1392,63
1393,49
1394,45
1395,8
1396,75
1397,43
1398,53
1399,57
14,71
140,71
1400,78
1401,83
1402,64
1403,76
1404,32
1405,69
1406,54
1407,26
1408,24
1409,3
141,55
1410,48
1411,78
1412,81
1413,63
1414,76
1415,74
1416,57
1417,72
1418,43
1419,13
142,68
1420,3
1421,61
1422,24
1423,48
1424,53
1425,66
1426,71
1427,28
1429,72
143,7
1430,3
1431,43
1432,75
1433,67
1434,77
1435,62
1436,63
1437,53
1438,72
1439,6
144,78
1440,63
1441,72
1442,73
1443,53
1444,64
1445,61
1446,53
1447,3
1449,77
145,72
1450,61
1452,63
1453,21
1454,39
1455,57
1456,24
1457,2
1458,83
1459,67
146,69
1460,59
1461,83
1462,79
1463,45
1464,64
1465,32
1466,5
1467,75
1468,49
1469,76
147,61
1470,48
1471,78
1472,71
1473,7
1474,46
1475,11
1476,52
1477,83
1478,14
1479,34
148,75
1480,64
1481,43
1482,76
1483,18
1484,37
1485,4
1486,77
1487,29
1488,54
1489,78
149,67
1490,33
1491,2
1492,48
1493,83
1494,8
1495,69
1496,77
1497,18
1498,57
1499,76
15,78
150,7
1500,18
1501,64
1502,77
1503,4
1504,61
1505,54
1506,57
1507,45
1508,27
1509,3
151,79
1510,83
1511,27
1512,36
1513,23
1514,3
1515,72
1516,61
1517,72
1518,82
1519,63
152,77
1520,2
1521,24
1522,27
1523,14
1525,24
1526,82
1527,58
1528,77
1529,75
153,61
1530,53
1531,32
1532,64
1533,76
1534,57
1535,34
1536,73
1537,24
1538,46
1539,19
154,72
1540,61
1541,83
1542,48
1543,24
1544,18
1545,5
1546,8
1547,78
1548,69
1549,24
155,75
1550,48
1551,54
1552,41
1553,45
1554,67
1555,57
1556,51
1557,26
1558,54
1559,73
156,72
1560,54
1561,19
1562,71
1563,4
1564,35
1565,32
1567,62
1568,5
1569,53
157,71
1570,53
1571,8
1572,79
1573,48
1574,51
1575,4
1576,28
1577,2
1578,63
1579,63
158,68
1580,53
1581,46
1582,8
1583,28
1584,59
1585,6
1586,3
1587,8
1588,28
1589,76
159,8
1590,61
1591,8
1592,59
1593,4
1594,64
1596,62
1597,49
1598,72
1599,28
16,68
160,75
1600,52
1601,82
1602,61
1603,3
1604,77
1605,72
1606,72
1607,3
1608,3
1609,61
161,76
1610,14
1611,81
1612,59
1613,77
1614,26
1615,12
1616,47
1617,35
1618,76
1619,75
162,42
1620,79
1621,75
1622,11
1623,53
1624,63
1625,11
1626,59
1627,48
1628,75
1629,61
163,65
1630,77
1631,35
1632,48
1633,83
1634,54
1635,83
1636,72
1637,28
1638,76
1639,53
164,7
1640,35
1641,35
1642,63
1643,35
1644,41
1645,7
1646,78
1647,76
1648,9
1649,72
165,48
1650,34
1651,41
1652,24
1653,5
1654,8
1655,6
1656,83
1657,79
1658,8
1659,34
166,79
1660,24
1661,45
1662,5
1663,7
1664,29
1665,3
1666,48
1667,3
1668,59
1669,73
167,79
1670,59
1671,11
1672,24
1673,24
1674,12
1675,6
1676,73
1677,15
1678,75
1679,35
168,52
1680,5
1681,64
1682,5
1683,78
1685,39
1686,53
1687,2
1688,65
1689,11
169,57
1690,79
1691,23
1692,7
1693,63
1694,5
1695,71
1696,69
1697,63
1698,54
1699,45
17,57
170,79
1700,53
1702,67
1703,79
1704,6
1705,79
1706,41
1707,78
1708,53
1709,63
171,82
1710,62
1711,5
1712,7
1713,9
1714,24
1715,4
1716,3
1717,21
1718,45
1719,5
172,79
1720,8
1721,12
1722,5
1723,4
1724,81
1725,8
1726,19
1727,12
1728,78
1729,59
173,75
1730,59
1731,51
1732,79
1733,43
1734,73
1735,2
1736,4
1737,48
1738,27
1739,11
174,71
1740,3
1741,64
1742,61
1743,54
1744,39
1745,24
1746,78
1747,56
1748,28
1749,54
175,66
1750,59
1751,76
1752,83
1753,18
1754,28
1755,2
1757,64
1758,83
1759,75
1760,75
1761,61
1762,53
1763,3
1764,53
1765,53
1766,45
1767,64
1768,64
1769,6
177,73
1770,3
1771,7
1772,3
1773,43
1774,74
1775,3
1776,73
1777,51
1778,24
1779,63
178,78
1780,69
1781,78
1782,71
1783,79
1784,62
1785,61
1786,9
1787,28
1788,52
1789,46
179,7
1790,2
1791,2
1792,59
1793,8
1794,21
1795,38
1796,78
1797,45
1798,56
1799,8
18,8
180,71
1800,19
1801,76
1802,7
1803,53
1804,61
1805,48
1806,5
1807,71
1808,45
1809,83
181,68
1810,18
1811,3
1812,19
1813,82
1814,7
1815,38
1816,82
1817,54
1818,23
1819,53
182,74
1820,8
1821,29
1822,2
1823,41
1824,75
1825,5
1826,11
1827,6
1828,73
1829,79
183,76
1830,58
1831,5
1832,4
1833,12
1834,73
1835,59
1836,71
1837,74
1838,61
1839,49
184,8
1840,28
1841,52
1842,74
1843,59
1844,43
1845,51
1846,53
1847,28
1848,33
1849,28
185,68
1850,6
1851,82
1852,72
1853,18
1854,12
1855,45
1856,24
1857,34
1858,59
1859,55
186,75
1860,83
1861,9
1862,2
1863,67
1864,12
1865,14
1866,47
1867,81
1868,4
1869,2
187,8
1870,12
1871,53
1872,52
1873,2
1874,59
1875,7
1876,7
1877,61
1878,59
1879,11
188,68
1880,15
1881,53
1882,8
1883,72
1884,81
1885,78
1886,56
1887,8
1888,3
1889,6
189,67
1890,35
1891,11
1892,28
1893,5
1894,83
1895,72
1896,4
1897,24
1898,53
1899,43
19,72
190,59
1900,64
1901,49
1902,83
1903,67
1904,75
1905,67
1906,12
1907,64
1908,53
1909,59
191,67
1910,83
1911,32
1912,77
1913,77
1914,11
1915,28
1916,6
1917,27
1918,63
1919,42
192,42
1920,63
1921,59
1922,7
1923,79
1924,16
1925,63
1926,53
1927,53
1928,8
1929,54
193,72
1930,7
1931,48
1932,39
1933,65
1934,64
1935,5
1936,3
1937,76
1938,54
1939,53
194,28
1940,35
1941,3
1942,6
1943,6
1944,3
1945,34
1946,2
1947,41
1948,27
1949,24
195,69
1950,76
1951,3
1952,41
1953,26
1954,41
1955,26
1956,27
1957,78
1958,1
1959,44
196,82
1960,69
1961,37
1962,59
1963,11
1964,44
1965,19
1966,77
1967,8
1968,11
1969,72
197,68
1970,11
1971,71
1972,67
1973,58
1974,53
1975,3
1976,5
1977,75
1978,21
1979,41
198,67
1980,5
1981,28
1982,82
1983,3
1984,32
1985,3
1986,32
1987,64
1988,81
1989,51
199,26
1990,53
1991,75
1992,16
1993,6
1994,76
1995,8
1996,2
1997,19
1998,23
1999,28
2,74
20,8
200,67
2000,83
2001,33
2002,2
2003,48
2004,5
2005,27
2006,82
2007,5
2008,24
2009,47
201,69
2010,48
2011,77
2012,45
2013,59
2014,2
2015,63
2016,53
2017,3
2018,76
2019,54
202,35
2020,12
2021,79
2022,55
2023,11
2024,2
2025,71
2026,27
2027,5
2028,7
2029,33
203,69
2030,8
2031,83
2032,75
2033,21
2034,76
2035,35
2036,4
2037,7
2038,83
2039,27
204,6
2040,11
2041,49
2042,12
2043,48
2044,3
2045,79
2046,5
2047,49
2048,3
2049,21
205,71
2050,29
2051,12
2052,9
2053,32
2054,7
2055,5
2056,8
2057,34
2058,8
2059,7
206,73
2060,59
2061,33
2062,24
2063,49
2064,11
2065,34
2066,19
2067,59
2068,34
2069,34
207,68
2070,49
2071,19
2072,2
2073,9
2074,6
2075,82
2076,79
2077,41
2078,14
2079,71
208,71
2080,52
2081,49
2082,53
2083,41
2084,45
2085,24
2086,5
2087,2
2088,83
2089,1
209,83
2090,5
2091,42
2092,41
2093,53
2094,3
2095,42
2096,18
2097,45
2098,61
2099,8
21,74
210,73
2100,2
2101,39
2102,53
2103,28
2104,72
2105,11
2106,37
2107,34
2108,2
2109,62
211,68
2110,78
2111,7
2112,79
2113,11
2114,54
2115,79
2116,3
2117,6
2118,3
2119,6
212,67
2120,24
2121,18
2122,46
2123,2
2124,81
2125,21
2126,59
2127,4
2128,12
2129,32
213,68
2130,51
2131,3
2132,2
2133,2
2134,28
2135,4
2136,13
2137,71
2138,23
2139,41
214,77
2140,3
2141,53
2142,79
2143,32
2144,14
2145,59
2146,45
2147,3
2148,2
2149,46
215,8
2150,19
2151,8
2152,81
2153,49
2154,11
2155,5
2156,7
2157,61
2158,51
2159,2
216,75
2160,38
2161,6
2162,23
2163,6
2164,46
2165,53
2166,46
2167,59
2168,53
2169,6
217,74
2170,7
2171,3
2172,33
2173,5
2174,54
2175,8
2176,38
2177,58
2178,52
2179,2
218,57
2180,53
2181,38
2182,34
2183,4
2184,59
2185,5
2186,53
2187,21
2188,8
2189,8
219,79
2190,8
2191,23
2192,28
2193,2
2194,53
2195,52
2196,12
2197,62
2198,43
2199,48
22,67
220,8
2200,61
2201,83
2202,2
2203,5
2204,3
2205,2
2206,34
2207,22
2208,32
2209,57
221,77
2210,58
2211,83
2212,59
2213,28
2214,24
2215,41
2216,2
2217,62
2218,6
2219,27
222,69
2220,37
2221,3
2222,45
2223,41
2224,5
2225,57
2226,35
2227,7
2228,3
2229,82
223,82
2230,5
2231,82
2232,44
2233,79
2234,44
2235,7
2236,75
2237,79
2238,5
2239,46
224,59
2240,5
2241,32
2242,7
2243,67
2244,44
2245,81
2246,51
2247,81
2248,11
2249,6
225,66
2250,18
2251,74
2252,48
2253,54
2254,27
2255,11
2256,8
2257,2
2258,24
2259,54
226,45
2260,18
2261,14
2262,41
2263,39
2264,21
2265,45
2266,42
2267,11
2268,77
2269,8
227,68
2270,78
2271,61
2272,1
2273,6
2274,45
2275,6
2276,62
2277,25
2278,41
2279,46
228,83
2280,21
2281,39
2282,28
2283,6
2284,41
2285,49
2286,61
2287,48
2288,6
2289,53
229,75
2290,53
2291,45
2292,41
2293,18
2294,81
2295,43
2296,46
2297,2
2298,64
2299,48
23,8
230,77
2300,2
2301,27
2302,35
2303,3
2304,52
2305,23
2306,8
2307,8
2308,6
2309,4
231,5
2310,81
2311,73
2312,83
2313,64
2314,78
2315,61
2316,2
2317,43
2318,71
2319,28
232,72
2320,8
2321,6
2322,32
2323,61
2324,8
2325,39
2326,76
2327,2
2328,28
2329,82
233,7
2330,8
2331,79
2332,51
2333,14
2334,82
2335,78
2336,5
2337,79
2338,6
2339,38
234,68
2340,41
2341,38
2342,82
2343,71
2344,24
2345,11
2346,53
2347,27
2348,75
2349,38
235,77
2350,5
2351,2
2352,58
2353,6
2354,36
2355,6
2356,73
2357,2
2358,53
2359,58
236,62
2360,13
2361,41
2362,2
2363,7
2364,43
2365,9
2366,46
2367,32
2368,37
2369,8
237,67
2370,54
2371,6
2372,33
2373,17
2374,54
2375,8
2376,63
2377,24
2378,28
2379,5
238,72
2380,3
2381,61
2382,48
2383,54
2384,8
2385,43
2386,6
2387,11
2388,16
2389,8
239,8
2390,3
2391,27
2392,3
2393,18
2394,83
2395,8
2396,41
2397,44
2398,59
2399,53
24,79
240,6
2400,63
2401,78
2402,8
2403,2
2404,37
2405,7
2406,41
2407,34
2408,78
2409,59
241,6
2410,19
2411,35
2412,53
2413,3
2414,78
2415,78
2416,14
2417,2
2418,3
2419,2
242,71
2420,28
2421,2
2422,78
2423,51
2424,3
2425,77
2426,61
2427,38
2428,41
2429,51
243,67
2430,28
2431,22
2432,48
2433,14
2434,21
2435,24
2436,78
2437,34
2438,37
2439,11
244,81
2440,13
2441,8
2442,8
2443,58
2444,19
2445,41
2446,82
2447,37
2448,28
2449,42
245,48
2450,7
2451,43
2452,71
2453,11
2454,8
2455,28
2456,3
2457,18
2458,77
2459,53
246,82
2460,5
2461,2
2462,45
2463,59
2464,34
2465,46
2466,19
2467,54
2468,45
2469,34
2470,4
2471,8
2472,8
2473,12
2474,61
2475,78
2476,28
2477,4
2478,2
2479,51
248,75
2480,53
2481,64
2482,59
2483,5
2484,42
2485,3
2486,41
2487,8
2488,34
2489,48
249,8
2490,8
2491,3
2492,76
2493,53
2494,78
2495,11
2496,2
2497,58
2498,37
2499,2
25,57
250,69
2500,4
2501,5
2502,58
2503,32
2504,8
2505,35
2506,8
2507,16
2508,14
2509,77
251,73
2510,36
2511,72
2512,21
2513,21
2514,78
2515,77
2516,5
2517,53
2518,43
2519,28
252,82
2520,6
2521,45
2522,78
2523,3
2524,71
2525,27
2526,41
2527,6
2528,49
2529,48
253,72
2530,54
2531,37
2532,48
2533,79
2534,52
2535,43
2536,1
2537,3
2538,4
2539,78
254,82
2540,5
2541,3
2542,59
2543,42
2544,11
2545,29
2546,54
2547,58
2548,81
2549,11
255,79
2550,4
2551,78
2552,3
2553,59
2554,7
2555,61
2556,6
2557,35
2558,39
2559,41
256,73
2560,2
2561,64
2562,67
2563,78
2564,63
2565,38
2566,8
2567,62
2568,48
2569,28
257,68
2570,51
2571,54
2572,8
2573,3
2574,48
2575,2
2576,6
2577,53
2578,43
2579,44
258,78
2580,4
2581,53
2582,82
2583,23
2584,44
2585,41
2586,11
2587,49
2588,8
2589,79
259,42
2590,5
2591,48
2592,3
2593,42
2594,2
2595,5
2596,15
2597,3
2598,8
2599,35
26,42
260,71
2600,12
2601,46
2602,41
2603,45
2604,59
2605,7
2606,11
2607,35
2608,8
2609,5
261,72
2610,41
2611,59
2612,53
2613,42
2614,51
2615,2
2616,58
2617,32
2618,59
2619,41
262,67
2620,3
2621,32
2622,62
2623,52
2624,54
2625,43
2626,4
2627,41
2628,15
2629,7
263,68
2630,5
2631,53
2632,44
2633,48
2634,11
2635,48
2636,44
2637,11
2638,56
2639,41
264,61
2640,41
2641,62
2642,62
2643,79
2644,3
2645,43
2646,58
2647,58
2648,6
2649,79
265,7
2650,33
2651,58
2652,62
2653,44
2654,61
2655,17
2656,4
2657,12
2658,62
2659,42
266,76
2660,6
2661,38
2662,8
2663,62
2664,3
2665,2
2666,34
2667,49
2668,27
2669,44
267,66
2670,2
2671,67
2672,38
2673,48
2674,8
2675,81
2676,2
2677,2
2678,45
2679,37
268,41
2680,48
2681,36
2682,34
2683,81
2684,61
2685,2
2686,2
2687,53
2688,38
2689,59
269,74
2690,67
2691,49
2692,41
2693,24
2694,8
2695,8
2696,48
2697,8
2698,24
2699,42
27,67
270,77
2700,15
2701,2
2702,2
2703,78
2704,29
2705,45
2706,49
2707,67
2708,41
2709,2
2710,53
2711,54
2712,5
2713,2
2714,27
2715,76
2716,79
2717,2
2718,36
2719,7
272,83
2720,6
2721,27
2722,21
2723,29
2724,4
2725,19
2726,48
2727,3
2728,6
2729,13
273,68
2730,32
2731,8
2732,62
2733,49
2734,48
2735,62
2736,5
2737,8
2738,1
2739,8
274,48
2740,7
2741,35
2742,43
2743,2
2744,71
2745,53
2746,6
2747,76
2748,2
2749,71
275,66
2750,79
2751,58
2752,83
2753,23
2754,78
2755,11
2756,12
2757,17
2758,6
2759,2
276,79
2760,41
2761,51
2762,12
2763,12
2764,53
2765,8
2766,36
2767,3
2768,64
2769,82
277,43
2770,21
2771,15
2772,62
2773,73
2774,45
2775,48
2776,53
2777,5
2778,29
2779,1
2780,21
2781,5
2782,83
2783,5
2784,27
2785,3
2786,32
2787,2
2788,37
2789,35
279,75
2790,11
2791,53
2792,21
2793,17
2794,7
2795,8
2796,6
2797,59
2798,11
2799,6
28,78
280,72
2800,66
2801,53
2802,76
2803,78
2804,37
2805,6
2806,11
2807,51
2808,22
2809,48
281,7
2810,4
2811,35
2812,5
2813,11
2814,6
2815,3
2816,2
2817,41
2818,17
2819,41
282,83
2820,48
2821,11
2822,51
2823,81
2824,8
2825,9
2826,29
2827,28
2828,4
2829,4
283,72
2830,58
2831,44
2832,53
2833,34
2834,3
2835,4
2836,8
2837,61
2838,62
2839,11
284,7
2840,78
2841,83
2842,52
2843,7
2844,42
2845,82
2846,48
2847,57
2848,6
2849,78
285,8
2850,4
2851,11
2852,79
2853,78
2854,15
2855,54
2856,2
2857,64
2858,79
2859,79
286,72
2860,12
2861,2
2862,21
2863,6
2864,8
2865,16
2866,54
2867,53
2868,54
2869,64
287,73
2870,41
2871,39
2872,9
2873,74
2874,53
2875,76
2876,81
2877,32
2878,18
2879,37
288,73
2880,41
2881,5
2882,6
2883,45
2884,18
2885,78
2886,27
2887,49
2888,81
2889,82
289,69
2890,4
2891,2
2892,39
2893,82
2894,76
2895,53
2896,41
2897,53
2898,33
2899,58
29,67
290,78
2900,19
2901,59
2902,4
2903,19
2904,39
2905,14
2906,19
2907,69
2908,18
2909,6
291,67
2910,29
2911,39
2912,51
2913,37
2914,2
2915,34
2916,7
2917,59
2918,3
2919,49
292,29
2920,11
2921,62
2922,36
2923,78
2924,48
2925,22
2926,62
2927,61
2928,1
2929,23
293,57
2930,59
2931,8
2932,8
2933,18
2934,41
2935,11
2936,6
2937,56
2938,1
2939,76
294,63
2940,54
2941,49
2942,4
2943,44
2944,45
2945,45
2946,45
2947,8
2948,4
2949,6
295,69
2950,82
2951,3
2952,41
2953,37
2954,33
2955,68
2956,3
2957,6
2958,3
2959,43
296,72
2960,36
2961,22
2962,24
2963,12
2964,58
2965,28
2966,6
2967,53
2968,33
2969,16
297,72
2970,2
2971,45
2972,11
2973,1
2974,27
2975,59
2976,61
2977,21
2978,1
2979,58
298,71
2980,23
2981,8
2982,11
2983,45
2984,44
2985,8
2986,8
2987,11
2988,54
2989,21
299,76
2990,32
2991,2
2992,44
2993,9
2994,49
2995,9
2996,33
2997,37
2998,5
2999,1
3,7
30,68
300,7
3000,4
3001,22
3002,32
3003,6
3004,53
3005,8
3006,81
3007,11
3008,58
3009,59
301,75
3010,6
3011,79
3012,11
3013,23
3014,4
3015,24
3016,61
3017,24
3018,55
3019,24
302,75
3020,38
3021,62
3022,38
3023,5
3024,6
3025,24
3026,5
3027,19
3028,79
3029,58
303,7
3030,6
3031,79
3032,19
3033,18
3034,21
3035,58
3036,51
3037,61
3038,12
3039,19
304,73
3040,59
3041,19
3042,59
3043,37
3044,4
3045,51
3046,37
3047,44
3048,55
3049,16
3050,3
3051,7
3052,32
3053,32
3054,61
3055,51
3056,2
3057,35
3058,43
3059,7
306,74
3060,37
3061,5
3062,46
3063,62
3064,16
3065,7
3066,12
3067,2
3068,11
3069,41
307,74
3070,8
3071,39
3072,41
3073,24
3074,12
3075,7
3076,59
3077,46
3078,71
3079,39
308,63
3080,41
3081,62
3082,13
3083,59
3084,34
3085,61
3086,21
3087,28
3088,8
3089,5
309,73
3090,46
3091,11
3092,28
3093,81
3094,66
3095,59
3096,42
3097,28
3098,3
3099,2
31,78
310,77
3100,36
3101,49
3102,8
3103,5
3104,58
3105,54
3106,79
3107,13
3108,5
3109,7
311,82
3110,5
3111,59
3112,58
3113,19
3114,76
3115,41
3116,41
3117,35
3118,38
3119,19
312,63
3120,43
3121,2
3122,58
3123,79
3124,8
3125,43
3126,62
3127,59
3128,36
3129,49
313,67
3130,53
3131,62
3132,21
3133,54
3134,21
3135,12
3136,6
3137,41
3138,37
3139,34
314,66
3140,45
3141,51
3142,48
3143,21
3144,14
3145,5
3146,77
3147,18
3148,37
3149,38
315,68
3150,9
3151,28
3152,2
3153,67
3154,6
3155,7
3156,28
3157,8
3158,23
3159,5
316,77
3160,51
3161,8
3162,38
3163,3
3164,34
3165,49
3166,12
3167,2
3168,8
3169,62
317,6
3170,19
3171,48
3172,18
3173,6
3174,78
3175,48
3176,41
3177,28
3178,11
3179,32
318,69
3180,13
3181,41
3182,2
3183,53
3184,8
3185,34
3186,36
3187,15
3188,18
3189,45
319,7
3190,23
3191,53
3192,34
3193,22
3194,21
3195,34
3196,48
3197,32
3198,42
3199,48
32,8
320,81
3200,2
3201,5
3202,8
3203,17
3204,28
3205,51
3206,61
3207,51
3208,18
3209,7
321,52
3210,62
3211,65
3212,45
3213,65
3214,54
3215,2
3216,19
3217,61
3218,7
3219,54
322,82
3220,81
3221,82
3222,17
3223,39
3224,53
3225,22
3226,54
3227,41
3228,43
3229,53
323,66
3230,1
3231,7
3232,74
3233,32
3234,9
3235,59
3236,8
3237,59
3238,42
3239,11
324,7
3240,37
3241,53
3242,53
3243,4
3244,51
3245,8
3246,19
3247,43
3248,5
3249,13
325,68
3250,29
3251,53
3252,45
3253,28
3254,6
3255,34
3256,81
3257,21
3258,9
3259,51
326,73
3260,8
3261,57
3262,53
3263,42
3264,76
3265,42
3266,34
3267,6
3268,62
3269,41
327,72
3270,8
3271,77
3272,3
3273,8
3274,37
3275,34
3276,5
3277,11
3278,62
3279,71
328,69
3280,15
3281,34
3282,19
3283,41
3284,5
3285,39
3286,7
3287,54
3288,19
3289,8
329,6
3290,3
3291,28
3292,19
3293,28
3294,35
3295,45
3296,19
3297,28
3298,21
3299,81
33,3
330,68
3300,81
3301,76
3302,2
3303,13
3304,2
3305,12
3306,32
3307,2
3308,2
3309,6
331,68
3310,18
3311,3
3312,18
3313,76
3314,7
3315,28
3316,8
3317,49
3318,3
3319,13
332,42
3320,54
3321,11
3322,38
3323,1
3324,64
3325,44
3326,54
3327,33
3328,51
3329,32
333,78
3330,23
3331,39
3332,51
3333,3
3334,82
3335,5
3336,59
3337,34
3338,21
3339,2
334,67
3340,2
3341,11
3342,19
3343,23
3344,45
3345,45
3346,64
3347,48
3348,6
3349,79
335,75
3350,3
3351,5
3352,4
3353,41
3354,37
3355,11
3356,21
3357,23
3358,17
3359,1
336,67
3360,76
3361,39
3362,18
3363,58
3364,79
3365,49
3366,54
3367,6
3368,45
3369,51
337,52
3370,6
3371,13
3372,15
3373,21
3374,11
3375,12
3376,2
3377,78
3378,55
3379,39
338,75
3380,18
3381,6
3382,6
3383,46
3384,48
3385,45
3386,28
3387,5
3388,42
3389,62
339,53
3390,36
3391,83
3392,15
3393,5
3394,8
3395,64
3396,2
3397,28
3398,49
3399,7
34,82
340,34
3400,13
3401,32
3402,2
3403,45
3404,43
3405,28
3406,34
3407,45
3408,17
3409,22
341,69
3410,19
3411,39
3412,41
3413,21
3414,19
3415,37
3416,33
3417,22
3418,2
3419,27
342,71
3420,12
3421,78
3422,11
3423,3
3424,22
3425,2
3426,23
3427,6
3428,1
3429,41
343,63
3430,59
3431,21
3432,15
3433,2
3434,54
3435,61
3436,37
3437,12
3438,41
3439,82
344,69
3440,5
3441,2
3442,21
3443,42
3444,43
3445,1
3446,46
3447,15
3448,7
3449,57
3450,62
3451,13
3452,11
3453,19
3454,45
3455,19
3456,44
3457,13
3458,51
3459,3
346,8
3460,4
3461,53
3462,11
3463,43
3464,6
3465,51
3466,12
3467,41
3468,51
3469,43
347,79
3470,53
3471,15
3472,62
3473,43
3474,51
3475,36
3476,78
3477,44
3478,41
3479,37
348,63
3480,41
3481,76
3482,46
3483,62
3484,13
3485,14
3486,12
3487,53
3488,8
3489,11
349,63
3490,8
3491,41
3492,8
3493,77
3494,81
3495,12
3496,36
3497,19
3498,7
3499,16
35,74
350,77
3500,22
3501,3
3502,35
3503,45
3504,3
3505,54
3506,56
3507,52
3508,74
3509,81
351,75
3510,13
3511,9
3512,4
3513,8
3514,48
3515,45
3516,54
3517,81
3518,18
3519,19
352,41
3520,2
3521,59
3522,53
3523,11
3524,23
3525,39
3526,21
3527,3
3528,67
3529,5
353,79
3530,59
3531,76
3532,18
3533,6
3534,4
3535,67
3536,24
3537,4
3538,58
3539,1
354,75
3540,6
3541,4
3542,53
3543,35
3544,17
3545,28
3546,28
3547,3
3548,53
3549,34
355,75
3550,45
3551,11
3552,83
3553,64
3554,2
3555,81
3556,5
3557,28
3558,18
3559,19
356,3
3560,23
3561,7
3562,16
3563,3
3564,49
3565,25
3566,58
3567,64
3568,34
3569,31
357,63
3570,78
3571,35
3572,23
3573,49
3574,2
3575,15
3576,61
3577,65
3578,38
3579,6
358,69
3580,11
3581,42
3582,83
3583,49
3584,23
3585,21
3586,21
3587,51
3588,51
3589,3
359,69
3590,38
3591,14
3592,41
3593,83
3594,14
3595,8
3596,21
3597,7
3598,62
3599,18
36,72
360,49
3600,28
3601,26
3602,2
3603,53
3604,39
3605,33
3606,83
3607,3
3608,4
3609,5
361,68
3610,67
3611,16
3612,4
3613,19
3614,9
3615,3
3616,21
3617,2
3618,37
3619,74
362,68
3620,62
3621,6
3622,24
3623,43
3624,12
3625,18
3626,28
3627,39
3628,2
3629,44
363,72
3630,24
3631,83
3632,5
3633,58
3634,48
3635,22
3636,82
3637,6
3638,24
3639,2
364,79
3640,28
3641,54
3642,59
3643,54
3644,62
3645,51
3646,21
3647,6
3648,23
3649,12
365,26
3650,42
3651,54
3652,8
3653,44
3654,39
3655,6
3656,79
3657,7
3658,58
3659,48
366,73
3660,54
3661,15
3662,34
3663,6
3664,21
3665,67
3666,7
3667,58
3668,5
3669,18
367,8
3670,28
3671,8
3672,81
3673,18
3674,56
3675,2
3676,11
3677,15
3678,46
3679,39
368,78
3680,62
3681,15
3682,38
3683,3
3684,21
3685,18
3686,45
3687,35
3688,11
3689,13
369,68
3690,42
3691,61
3692,2
3693,22
3694,45
3695,83
3696,42
3697,15
3698,21
3699,53
37,73
370,48
3700,49
3701,6
3702,66
3703,46
3704,17
3705,61
3706,45
3707,59
3708,14
3709,2
371,79
3710,38
3711,18
3712,18
3713,29
3714,41
3715,62
3716,35
3717,23
3718,61
3719,11
372,69
3720,49
3721,11
3722,48
3723,5
3724,16
3725,38
3726,82
3727,48
3728,54
3729,61
373,69
3730,11
3731,74
3732,54
3733,8
3734,41
3735,51
3736,12
3737,19
3738,5
3739,37
374,67
3740,53
3741,21
3742,49
3743,53
3744,81
3745,34
3746,11
3747,77
3748,54
3749,2
375,59
3750,2
3751,5
3752,37
3753,17
3754,44
3755,45
3756,21
3757,61
3758,12
3759,61
376,76
3760,51
3761,21
3762,1
3763,36
3764,54
3765,15
3766,6
3767,9
3768,2
3769,12
377,57
3770,9
3771,45
3772,79
3773,49
3774,76
3775,53
3776,6
3777,17
3778,18
3779,2
378,57
3780,3
3781,43
3782,81
3783,5
3784,15
3785,61
3786,11
3787,48
3788,23
3789,7
379,78
3790,57
3791,58
3792,48
3793,1
3794,76
3795,13
3796,1
3797,54
3798,6
3799,32
38,79
380,69
3800,37
3801,18
3802,5
3803,16
3804,2
3805,18
3806,19
3807,34
3808,6
3809,1
381,6
3810,37
3811,11
3812,41
3813,1
3814,32
3815,6
3816,77
3817,1
3818,44
3819,37
382,71
3820,6
3821,43
3822,21
3823,19
3824,44
3825,28
3826,22
3827,36
3828,6
3829,34
383,7
3830,7
3831,81
3832,28
3833,18
3834,59
3835,19
3836,5
3837,21
3838,5
3839,83
384,72
3840,1
3841,53
3842,52
3843,21
3844,34
3845,44
3846,6
3847,8
3848,12
3849,24
385,6
3850,15
3851,58
3852,8
3853,4
3854,49
3855,46
3856,49
3857,3
3858,48
3859,27
386,72
3860,62
3861,58
3862,48
3863,46
3864,34
3865,19
3866,53
3867,19
3868,65
3869,65
387,68
3870,51
3871,13
3872,56
3873,18
3874,2
3875,53
3876,18
3877,3
3878,21
3879,14
388,3
3880,2
3881,63
3882,1
3883,3
3884,34
3885,54
3886,51
3887,58
3888,1
3889,21
389,7
3890,15
3891,36
3892,19
3893,2
3894,13
3895,65
3896,43
3897,19
3898,23
3899,34
39,73
390,69
3900,79
3901,16
3902,19
3903,28
3904,17
3905,8
3906,46
3907,16
3908,12
3909,58
391,66
3910,59
3911,17
3912,54
3913,12
3914,58
3915,76
3916,37
3917,83
3918,28
3919,45
392,75
3920,44
3921,2
3922,9
3923,7
3924,24
3925,54
3926,12
3927,48
3928,14
3929,58
393,71
3930,58
3931,33
3932,16
3933,48
3934,15
3935,8
3936,14
3937,52
3938,23
3939,67
394,69
3940,18
3941,45
3942,23
3943,23
3944,35
3945,54
3946,49
3947,19
3948,51
3949,38
395,72
3950,75
3951,49
3952,28
3953,58
3954,2
3955,58
3956,5
3957,35
3958,11
3959,19
396,61
3960,11
3961,39
3962,31
3963,39
3964,32
3965,1
3966,36
3967,53
3968,62
3969,2
397,68
3970,52
3971,32
3972,13
3973,21
3974,21
3975,11
3976,19
3977,31
3978,37
3979,49
398,8
3980,67
3981,36
3982,76
3983,3
3984,15
3985,2
3986,21
3987,9
3988,21
3989,51
399,75
3990,44
3991,44
3992,3
3993,18
3994,1
3995,79
3996,5
3997,59
3998,58
3999,22
4,48
40,67
400,9
4000,21
4001,64
4002,2
4003,62
4004,7
4005,17
4006,1
4007,61
4008,6
4009,45
401,63
4010,34
4011,38
4012,25
4013,9
4014,44
4015,21
4016,51
4017,13
4018,52
4019,11
402,48
4020,67
4021,2
4022,38
4023,19
4024,14
4025,14
4026,1
4027,34
4028,21
4029,81
403,54
4030,77
4031,29
4032,11
4033,8
4034,42
4035,44
4036,37
4037,32
4038,18
4039,11
404,73
4040,46
4041,44
4042,12
4043,62
4044,36
4045,41
4046,63
4047,6
4048,32
4049,6
405,77
4050,81
4051,73
4052,3
4053,23
4054,58
4055,15
4056,67
4057,54
4058,59
4059,51
406,34
4060,65
4061,68
4062,2
4063,15
4064,62
4065,59
4066,83
4067,39
4068,41
4069,14
407,43
4070,79
4071,41
4072,22
4073,44
4074,62
4075,35
4076,83
4077,2
4078,16
4079,43
408,66
4080,18
4081,12
4082,19
4083,19
4084,58
4085,49
4086,28
4087,37
4088,44
4089,56
4090,23
4091,42
4092,61
4093,59
4094,49
4095,45
4096,15
4097,55
4098,28
4099,1
41,75
410,63
4100,53
4101,41
4102,17
4103,46
4104,62
4105,62
4106,41
4107,12
4108,34
4109,3
411,68
4110,16
4111,17
4112,6
4113,35
4114,19
4115,41
4116,11
4117,32
4118,18
4119,23
412,66
4120,6
4121,8
4122,2
4123,45
4124,16
4125,15
4126,53
4127,79
4128,58
4129,51
413,59
4130,83
4131,2
4132,59
4133,56
4134,7
4135,43
4136,56
4137,1
4138,61
4139,41
414,7
4140,62
4141,19
4142,11
4143,65
4144,12
4145,6
4146,28
4147,2
4148,62
4149,62
415,57
4150,21
4151,24
4152,16
4153,41
4154,41
4155,79
4156,11
4157,53
4158,25
4159,2
416,7
4160,28
4161,27
4162,51
4163,45
4164,37
4165,37
4166,12
4167,81
4168,2
4169,71
417,69
4170,37
4171,3
4172,53
4173,53
4174,5
4175,6
4176,45
4177,2
4178,34
4179,58
418,7
4180,32
4181,32
4182,28
4183,46
4184,44
4185,36
4186,53
4187,41
4188,21
4189,62
419,66
4190,11
4191,31
4192,17
4193,49
4194,7
4195,45
4196,15
4197,48
4198,15
4199,8
42,71
420,72
4200,2
4201,62
4202,41
4203,11
4204,49
4205,82
4206,41
4207,11
4208,34
4209,37
421,82
4210,45
4211,41
4212,34
4213,7
4214,81
4215,53
4216,12
4217,28
4218,15
4219,21
422,78
4220,23
4221,2
4222,17
4223,11
4224,25
4225,11
4226,62
4227,32
4228,62
4229,16
423,73
4230,35
4231,15
4232,19
4233,46
4234,12
4235,17
4236,59
4237,39
4238,41
4239,44
424,67
4240,32
4241,7
4242,18
4243,28
4244,1
4245,15
4246,4
4247,9
4248,14
4249,41
425,72
4250,6
4251,32
4252,1
4253,53
4254,22
4255,5
4256,61
4257,81
4258,19
4259,2
426,75
4260,5
4261,4
4262,11
4263,38
4264,9
4265,2
4266,1
4267,3
4268,14
4269,61
427,78
4270,17
4271,58
4272,36
4273,18
4274,9
4275,21
4276,81
4277,48
4278,2
4279,27
428,52
4280,39
4281,18
4282,1
4283,24
4284,53
4285,33
4286,19
4287,5
4288,29
4289,81
429,71
4290,37
4291,49
4292,16
4293,56
4294,46
4295,53
4296,62
4297,29
4298,1
4299,48
430,68
4300,11
4301,27
4302,48
4303,15
4304,33
4305,5
4306,8
4307,62
4308,9
4309,38
431,42
4310,6
4311,44
4312,2
4313,44
4314,55
4315,79
4316,1
4317,81
4318,6
4319,62
432,57
4320,81
4321,23
4322,81
4323,11
4324,7
4325,11
4326,7
4327,52
4328,18
4329,66
433,78
4330,19
4331,76
4332,33
4333,28
4334,6
4335,15
4336,58
4337,15
4338,46
4339,7
434,77
4340,42
4341,16
4342,41
4343,13
4344,15
4345,34
4346,18
4347,62
4348,36
4349,15
435,63
4350,68
4351,23
4352,9
4353,11
4354,6
4355,83
4356,65
4357,48
4358,19
4359,1
436,72
4360,41
4361,61
4362,45
4363,24
4364,81
4365,18
4366,31
4367,48
4368,65
4369,51
437,77
4370,36
4371,81
4372,48
4373,7
4374,39
4375,36
4376,15
4377,14
4378,18
4379,34
438,59
4380,11
4381,46
4382,45
4383,8
4384,81
4385,3
4386,15
4387,79
4388,31
4389,44
439,74
4390,9
4391,38
4392,35
4393,83
4394,34
4395,54
4396,37
4397,34
4398,21
4399,2
44,73
440,69
4400,58
4401,83
4402,17
4403,8
4404,56
4405,19
4406,58
4407,12
4408,34
4409,65
441,68
4410,28
4411,81
4412,21
4413,13
4414,2
4415,11
4416,16
4417,11
4418,6
4419,58
442,75
4420,28
4421,7
4422,37
4423,46
4424,53
4425,48
4426,18
4427,46
4428,11
4429,15
443,63
4430,19
4431,34
4432,1
4433,45
4434,17
4435,45
4436,35
4437,27
4438,17
4439,19
444,8
4440,54
4441,58
4442,51
4443,19
4444,11
4445,23
4446,13
4447,46
4448,28
4449,9
445,46
4450,7
4451,62
4452,1
4453,15
4454,15
4455,12
4456,24
4457,21
4458,23
4459,34
446,73
4460,62
4461,6
4462,15
4463,28
4464,5
4465,31
4466,45
4467,58
4468,79
4469,44
447,66
4470,61
4471,19
4472,48
4473,56
4474,56
4475,13
4476,34
4477,28
4478,11
4479,3
448,75
4480,17
4481,62
4482,18
4483,37
4484,62
4485,32
4486,17
4487,2
4488,4
4489,83
449,67
4490,44
4491,54
4492,12
4493,41
4494,19
4495,44
4496,45
4497,56
4498,18
4499,35
45,67
450,73
4500,43
4501,64
4502,21
4503,36
4504,21
4505,13
4506,29
4507,15
4508,2
4509,13
451,57
4510,12
4511,4
4512,19
4513,52
4514,32
4515,51
4516,35
4517,18
4518,17
4519,11
452,26
4520,43
4521,19
4522,19
4523,1
4524,15
4525,8
4526,55
4527,53
4528,14
4529,32
453,8
4530,34
4531,23
4532,35
4533,43
4534,19
4535,19
4536,19
4537,48
4538,35
4539,46
454,9
4540,21
4541,18
4542,11
4543,1
4544,33
4545,31
4546,16
4547,28
4548,23
4549,44
455,78
4550,1
4551,28
4552,19
4553,5
4554,2
4555,81
4556,3
4557,11
4558,14
4559,22
456,45
4560,37
4561,44
4562,6
4563,11
4564,35
4565,15
4566,9
4567,81
4568,38
4569,3
457,33
4570,61
4571,48
4572,5
4573,35
4574,1
4575,12
4576,9
4577,37
4578,11
4579,41
458,54
4580,12
4581,18
4582,35
4583,49
4584,37
4585,79
4586,34
4587,5
4588,2
4589,24
459,3
4590,2
4591,44
4592,2
4593,67
4594,46
4595,81
4596,15
4597,44
4598,39
4599,32
46,67
460,67
4600,81
4601,1
4602,38
4603,15
4604,33
4605,37
4606,19
4607,35
4608,8
4609,7
461,68
4610,55
4611,12
4612,45
4613,49
4614,19
4615,48
4616,45
4617,39
4618,18
4619,59
462,54
4620,34
4621,18
4622,34
4623,53
4624,19
4625,1
4626,15
4627,19
4628,27
4629,38
463,61
4630,59
4631,76
4632,1
4633,1
4634,7
4635,12
4636,18
4637,24
4638,13
4639,45
464,67
4640,11
4641,22
4642,32
4643,45
4644,37
4645,1
4646,14
4647,37
4648,38
4649,37
465,68
4650,5
4651,11
4652,38
4653,2
4654,7
4655,34
4656,54
4657,19
4658,18
4659,35
466,75
4660,4
4661,49
4662,34
4663,1
4664,13
4665,14
4666,32
4667,22
4668,71
4669,16
467,68
4670,51
4671,18
4672,59
4673,23
4674,48
4675,15
4676,15
4677,24
4678,11
4679,32
468,68
4680,77
4681,81
4682,34
4683,56
4684,45
4685,1
4686,56
4687,66
4688,46
4689,21
469,82
4690,8
4691,6
4692,11
4693,48
4694,79
4695,53
4696,11
4697,17
4698,82
4699,15
47,52
470,54
4700,5
4701,15
4702,7
4703,76
4704,56
4705,41
4706,61
4707,19
4708,6
4709,13
471,68
4710,2
4711,22
4712,25
4713,17
4714,62
4715,51
4716,35
4717,6
4718,67
4719,56
472,67
4720,53
4721,28
4722,48
4723,37
4724,18
4725,42
4726,48
4727,2
4728,1
4729,21
473,48
4730,56
4731,41
4732,12
4733,48
4734,45
4735,23
4736,37
4737,41
4738,8
4739,4
474,73
4740,1
4741,57
4742,83
4743,19
4744,46
4745,17
4746,27
4747,56
4748,6
4749,46
475,69
4750,79
4752,3
4753,11
4754,1
4755,32
4756,48
4757,12
4758,59
4759,83
476,68
4760,2
4761,41
4762,32
4763,18
4764,14
4765,2
4766,11
4767,29
4768,48
4769,56
477,17
4770,62
4771,35
4772,21
4773,56
4774,62
4775,42
4776,67
4777,12
4778,45
4779,41
478,76
4780,3
4781,12
4782,41
4783,83
4784,49
4785,1
4786,34
4787,58
4788,16
4789,14
479,83
4790,24
4791,45
4792,46
4793,58
4794,25
4795,41
4796,59
4797,1
4798,22
4799,6
48,69
480,68
4800,32
4801,4
4802,5
4803,32
4804,3
4805,27
4806,23
4807,21
4808,46
4809,15
481,72
4810,22
4811,48
4812,3
4813,73
4814,82
4815,23
4816,3
4817,7
4818,46
4819,2
482,63
4820,12
4821,14
4822,37
4823,15
4824,57
4825,2
4826,18
4827,77
4828,15
4829,6
483,74
4830,3
4831,46
4832,18
4833,4
4834,24
4835,13
4836,18
4837,24
4838,65
4839,2
484,68
4840,8
4841,21
4842,6
4843,15
4844,8
4845,16
4846,53
4847,46
4848,6
4849,54
485,8
4850,64
4851,34
4852,17
4853,41
4854,3
4855,11
4856,19
4857,33
4858,36
4859,17
486,77
4860,17
4861,48
4862,17
4863,21
4864,59
4865,16
4866,17
4867,7
4868,15
4869,21
487,77
4870,12
4871,81
4872,74
4873,83
4874,79
4875,8
4876,81
4877,81
4878,66
4879,23
488,63
4880,24
4881,61
4882,7
4883,19
4884,18
4885,19
4886,23
4887,54
4888,48
4889,22
489,11
4890,81
4891,21
4892,21
4893,5
4894,9
4895,4
4896,2
4897,4
4898,12
4899,39
49,71
490,67
4900,1
4901,35
4902,11
4903,13
4904,1
4905,11
4906,14
4907,43
4908,31
4909,31
491,83
4910,48
4911,11
4912,13
4913,27
4914,4
4915,24
4916,2
4917,9
4918,1
4919,11
492,72
4920,13
4921,15
4922,21
4923,17
4924,15
4925,36
4926,56
4927,8
4928,34
4929,49
493,75
4930,15
4931,15
4932,6
4933,21
4934,21
4935,1
4936,1
4937,1
4938,9
4939,1
494,9
4940,1
4941,1
4942,1
4943,48
4944,19
4945,12
4946,5
4947,53
4948,22
4949,37
495,54
4950,34
4951,35
4952,51
4953,44
4954,17
4955,11
4956,44
4957,11
4958,44
4959,37
496,48
4960,34
4961,19
4962,37
4963,64
4964,37
4965,23
4966,38
4967,19
4968,24
4969,24
4970,32
4971,32
4972,32
4973,29
4974,32
4975,31
4976,28
4977,35
4978,35
4979,7
498,72
4980,19
4981,19
4982,17
4983,12
4984,41
4985,48
4986,17
4987,58
4988,21
4989,11
499,61
4990,21
4991,57
4992,19
4993,81
4994,83
4995,81
4996,81
4997,48
4998,48
4999,17
5,71
50,76
500,57
5000,7
5001,37
5002,66
5003,15
5004,65
5005,17
5006,35
5007,53
5008,16
5009,33
501,76
5010,11
5011,48
5012,13
5013,22
5014,12
5015,46
5016,2
5017,46
5018,34
5019,55
502,3
5020,67
5021,49
5022,9
5023,12
5024,65
5025,68
5026,65
5027,61
5028,49
5029,34
503,68
5030,56
5031,55
5032,68
5033,1
5034,9
5035,15
5036,17
5037,17
5038,41
5039,12
504,72
5040,58
5041,15
5042,12
5043,9
5044,18
5045,18
5046,59
5047,37
5048,34
5049,48
505,54
5050,83
5051,79
5052,79
5053,8
5054,8
5055,67
5056,79
5057,67
5058,72
5059,67
506,63
5060,63
5061,81
5062,39
5063,39
5064,35
5065,28
5066,12
5067,21
5068,19
5069,15
507,68
5070,38
5071,45
5072,35
5073,14
5074,16
5075,2
5076,81
5077,48
5078,41
5079,5
508,77
5080,2
5081,5
5082,43
5083,44
5084,19
5085,19
5086,19
5087,19
5088,5
5089,64
509,9
5090,23
5091,15
5092,15
5093,24
5094,41
5095,4
5096,4
5097,4
5098,14
5099,4
51,74
510,72
5100,12
5101,44
5102,24
5103,12
5104,15
5105,15
5106,15
5107,12
5108,11
5109,11
511,68
5110,11
5111,29
5112,36
5113,15
5114,1
5115,19
5116,45
5117,17
5118,17
5119,15
512,69
5120,3
5121,34
5122,28
5123,28
5124,19
5125,5
5126,59
5127,46
5128,61
5129,1
513,73
5130,17
5131,17
5132,1
5133,18
5134,15
5135,48
5136,15
5137,22
5138,21
5139,21
514,69
5140,49
5141,17
5142,28
5143,3
5144,3
5145,29
5146,11
5147,13
5148,13
5149,14
515,6
5150,31
5151,31
5152,15
5153,39
5154,39
5155,1
5156,36
5157,36
5158,34
5159,37
516,67
5160,33
5161,34
5162,41
5163,49
5164,8
5165,49
5166,55
5167,61
5168,54
5169,15
517,69
5170,23
5171,19
5172,39
5173,15
5174,38
5175,15
5176,52
5177,52
5178,28
5179,46
5180,3
5181,3
5182,21
5183,32
5184,9
5185,32
5186,9
5187,3
5188,9
5189,29
519,75
5190,28
5191,45
5192,56
5193,18
5194,59
5195,59
5196,25
5197,25
5198,6
5199,34
52,68
520,75
5200,45
5201,62
5202,41
5203,51
5204,62
5205,6
5206,61
5207,6
5208,62
5209,8
521,63
5210,77
5211,7
5212,18
5213,7
5214,7
5215,23
5216,34
522,71
5220,68
5221,57
5222,12
5223,17
5224,51
5225,24
5226,22
5227,55
5228,22
5229,23
523,71
5230,81
5231,18
5232,34
5233,18
5234,34
5235,23
5236,41
5237,2
5238,2
5239,2
524,71
5240,2
5241,13
5242,1
5243,31
5244,13
5245,32
5246,9
5247,21
5248,28
5249,23
525,66
5250,14
5251,24
5252,1
5253,11
5254,22
5255,1
5256,48
5257,1
5258,1
5259,1
526,74
5260,21
5261,37
5262,83
5263,81
5264,53
5265,81
5266,3
5267,67
5268,56
5269,66
527,69
5270,49
5271,66
5272,65
5273,81
5274,81
5275,49
5276,57
5277,65
5278,66
5279,65
528,78
5280,48
5281,61
5282,56
5283,61
5284,6
5285,6
5286,6
5287,62
5288,8
5289,62
529,75
5290,8
5291,61
5292,48
5293,15
5294,21
5295,48
5296,6
5297,48
5298,24
5299,41
53,75
530,63
5300,49
5301,19
5302,49
5303,43
5304,41
5305,41
5306,16
5307,16
5308,41
5309,4
531,7
5310,53
5311,41
5312,37
5313,41
5314,4
5315,37
5316,37
5317,39
5318,22
5319,37
532,76
5320,36
5321,21
5322,1
5323,44
5324,19
5325,44
5326,17
5327,21
5328,21
5329,23
533,61
5330,12
5331,4
5332,37
5333,9
5334,16
5335,17
5336,8
5337,83
5338,27
5339,83
534,57
5340,77
5341,81
5342,59
5343,81
5344,6
5345,62
5346,65
5347,55
5348,3
5349,56
535,71
5350,48
5351,68
5352,7
5353,55
5354,48
5355,9
5356,1
5357,44
5358,17
5359,15
536,57
5360,18
5361,11
5362,23
5363,12
5364,35
5365,28
5366,5
5367,13
5368,29
5369,31
537,67
5370,31
5371,5
5372,2
5373,7
5374,19
5375,19
5376,19
5377,13
5378,31
5379,12
538,63
5380,3
5381,31
5382,34
5383,14
5384,9
5385,8
5386,12
5387,22
5388,36
5389,83
539,79
5390,52
5391,11
5392,48
5393,44
5394,45
5395,17
5396,36
5397,21
5398,21
5399,22
54,72
540,76
5400,81
5401,17
5402,15
5403,18
5404,83
5405,67
5406,15
5407,17
5408,15
5409,15
541,78
5410,61
5411,6
5412,2
5413,54
5414,77
5415,61
5416,6
5417,59
5418,56
5419,59
542,75
5420,56
5421,26
5422,55
5423,65
5424,56
5425,49
5426,17
5427,22
5428,15
5429,18
543,6
5430,17
5431,44
5432,18
5433,11
5434,13
5435,44
5436,13
5437,24
5438,12
5439,12
544,69
5440,14
5441,11
5442,11
5443,21
5444,28
5445,32
5446,21
5447,32
5448,15
5449,19
545,81
5450,23
5451,19
5452,5
5453,44
5454,43
5455,19
5456,23
5457,8
5458,45
5459,5
546,75
5460,11
5461,11
5462,31
5463,31
5464,18
5465,15
5466,12
5467,17
5468,11
5469,31
547,48
5470,18
5471,35
5472,39
5473,38
5474,44
5475,15
5476,17
5477,49
5478,23
5479,2
548,72
5480,2
5481,2
5482,39
5483,19
5484,55
5485,3
5486,66
5487,66
5488,36
5489,62
549,76
5490,22
5491,48
5492,37
5493,28
5494,1
5495,33
5496,7
5497,17
5498,39
5499,39
55,78
550,69
5500,23
5501,28
5502,7
5503,13
5504,43
5505,22
5506,3
5507,7
5508,43
5509,43
551,76
5510,6
5511,7
5512,11
5513,8
5514,12
5515,12
5516,18
5517,15
5518,17
5519,4
5520,4
5521,58
5522,53
5523,18
5524,17
5525,37
5526,18
5527,31
5528,44
5529,37
553,68
5530,38
5531,38
5532,37
5533,34
5534,27
5535,36
5536,39
5537,48
5538,23
5539,56
554,67
5540,11
5541,8
5542,57
5543,67
5544,55
5545,59
5546,76
5547,6
5548,65
5549,55
555,67
5550,55
5551,68
5552,45
5553,19
5554,54
5555,54
5556,19
5557,9
5558,19
5559,19
556,68
5560,19
5561,62
5562,21
5563,21
5564,5
5565,25
5566,59
5567,61
5568,23
5569,37
557,57
5570,38
5571,37
5572,19
5573,56
5574,17
5575,39
5576,1
5577,34
5578,1
5579,23
558,47
5580,38
5581,54
5582,34
5583,4
5584,4
5585,21
5586,48
5587,48
5588,32
5589,13
559,59
5590,3
5591,18
5592,19
5593,7
5594,45
5595,38
5596,19
5597,9
5598,9
5599,1
56,73
560,71
5600,8
5601,37
5602,37
5603,4
5604,19
5605,1
5606,5
5607,16
5608,41
5609,2
561,57
5610,1
5611,21
5612,1
5613,15
5614,1
5615,22
5616,15
5617,16
5618,15
5619,16
562,57
5620,58
5621,19
5622,83
5623,67
5624,41
5625,82
5626,67
5627,21
5628,48
5629,44
563,72
5630,15
5631,21
5632,45
5633,57
5634,57
5635,65
5636,57
5637,56
5638,6
5639,56
564,57
5640,61
5641,6
5642,57
5643,46
5644,6
5645,55
5646,65
5647,66
5648,65
5649,75
565,78
5650,51
5651,65
5652,18
5653,64
5654,54
5655,64
5656,54
5657,7
5658,6
5659,48
566,78
5660,19
5661,27
5662,7
5663,18
5664,66
5665,19
5666,64
5667,28
5668,28
5669,38
567,21
5670,19
5671,15
5672,19
5673,28
5674,33
5675,44
5676,6
5677,48
5678,9
5679,14
568,66
5680,59
5681,23
5682,18
5683,12
5684,5
5685,5
5686,7
5687,8
5688,1
5689,36
569,45
5690,36
5691,39
5692,23
5693,32
5694,23
5695,11
5696,1
5697,37
5698,7
5699,21
570,68
5700,37
5701,35
5702,24
5703,22
5704,17
5705,15
5706,12
5707,21
5708,4
5709,12
571,79
5710,1
5711,1
5712,37
5713,12
5714,15
5715,11
5716,15
5717,1
5718,1
5719,17
572,45
5720,15
5721,11
5722,12
5723,1
5724,12
5725,13
5726,15
5727,32
5728,1
5729,15
573,26
5730,15
5731,13
5732,13
5733,17
5734,29
5735,17
5736,37
5737,15
5738,15
5739,15
574,6
5740,2
5741,12
5742,14
5743,9
5744,37
5745,12
5746,19
5747,35
5748,22
5749,19
575,66
5750,1
5751,9
5752,12
5753,19
5754,35
5755,19
5756,19
5757,39
5758,19
5759,28
576,71
5760,19
5761,9
5762,22
5763,13
5764,26
5765,2
5766,11
5767,81
5768,37
5769,51
577,68
5770,44
5771,22
5772,5
5773,56
5774,55
5775,65
5776,61
5777,61
5778,55
5779,46
578,81
5780,6
5781,6
5782,65
5783,56
5784,55
5785,48
5786,65
5787,66
5788,65
5789,48
579,75
5790,81
5791,35
5792,27
5793,19
5794,19
5795,66
5796,9
5797,66
5798,2
5799,24
58,77
580,49
5800,34
5801,53
5802,4
5803,38
5804,19
5805,45
5806,12
5807,48
5808,36
5809,4
581,67
5810,19
5811,46
5812,21
5813,4
5814,4
5815,28
5816,5
5817,21
5818,15
5819,1
582,57
5820,47
5821,1
5822,21
5823,15
5824,12
5825,1
5826,1
5827,32
5828,37
5829,21
583,48
5830,1
5831,11
5832,13
5833,13
5834,48
5835,17
5836,11
5837,22
5838,33
5839,11
584,55
5840,23
5841,12
5842,13
5843,1
5844,13
5845,56
5846,71
5847,65
5848,56
5849,49
585,3
5850,68
5851,57
5852,6
5853,56
5854,57
5855,51
5856,67
5857,71
5858,56
5859,25
586,69
5860,28
5861,65
5862,67
5863,19
5864,61
5865,63
5866,65
5867,43
5868,44
5869,66
587,67
5870,66
5871,19
5872,8
5873,45
5874,5
5875,19
5876,24
5877,19
5878,28
5879,29
588,73
5880,1
5881,19
5882,3
5883,46
5884,48
5885,67
5886,34
5887,2
5888,19
5889,28
589,66
5890,5
5891,9
5892,37
5893,12
5894,21
5895,19
5896,37
5897,4
5898,2
5899,9
59,67
590,72
5900,39
5901,15
5902,36
5903,12
5904,36
5905,15
5906,37
5907,1
5908,23
5909,36
591,78
5910,3
5911,22
5912,11
5913,14
5914,23
5915,17
5916,17
5917,1
5918,1
5919,1
592,8
5920,15
5921,11
5922,49
5923,9
5924,48
5925,1
5926,9
5927,12
5928,1
5929,17
593,57
5930,11
5931,12
5932,37
5933,15
5934,1
5935,15
5936,4
5937,34
5938,17
5939,44
594,83
5940,16
5941,14
5942,43
5943,2
5944,15
5945,65
5946,58
5947,66
5948,8
5949,65
595,26
5950,49
5951,55
5952,67
5953,66
5954,35
5955,65
5956,65
5957,41
5958,65
5959,2
596,68
5960,19
5961,64
5962,81
5963,66
5964,26
5965,64
5966,2
5967,65
5968,27
5969,44
597,71
5970,16
5971,53
5972,9
5973,19
5974,39
5975,7
5976,44
5977,37
5978,19
5979,9
598,69
5980,34
5981,33
5982,43
5983,16
5984,52
5985,18
5986,19
5987,39
5988,44
5989,35
599,34
5990,15
5991,41
5992,17
5993,12
5994,43
5995,45
5996,22
5997,41
5998,17
5999,12
6,8
60,8
600,68
6000,14
6001,44
6002,48
6003,38
6004,23
6005,11
6006,37
6007,45
6008,31
6009,37
601,14
6010,15
6011,17
6012,12
6013,15
6014,32
6015,1
6016,31
6017,15
6018,17
6019,11
602,82
6020,11
6021,15
6022,15
6023,11
6024,31
6025,13
6026,11
6027,37
6028,13
6029,11
603,49
6030,13
6031,1
6032,31
6033,31
6034,13
6035,24
6036,11
6037,9
6038,11
6039,64
604,68
6040,1
6041,32
6042,26
6043,1
6044,15
6045,75
6046,26
6047,24
6048,17
6049,23
605,71
6050,11
6051,58
6052,7
6053,7
6054,66
6055,23
6056,22
6057,71
6058,13
6059,3
606,73
6060,38
6061,9
6062,23
6063,53
6064,33
6065,1
6066,65
6067,65
6068,57
6069,38
607,69
6070,48
6071,61
6072,11
6073,48
6074,65
6075,17
6076,63
6077,19
6078,17
6079,15
608,8
6080,12
6081,36
6082,48
6083,18
6084,19
6085,48
6086,28
6087,13
6088,14
6089,4
609,63
6090,26
6091,24
6092,22
6093,4
6094,15
6095,45
6096,6
6097,54
6098,46
6099,65
61,82
610,73
6100,44
6101,59
6102,28
6103,48
6104,13
6105,28
6106,22
6107,19
6108,15
6109,9
611,77
6110,42
6111,61
6112,72
6113,75
6114,75
6115,1
6116,1
6117,64
6118,19
6119,35
612,7
6120,43
6121,74
6122,37
6123,22
6124,45
6125,65
6126,12
6127,1
6128,37
6129,35
613,66
6130,2
6131,53
6132,17
6133,31
6134,1
6135,1
6136,12
6137,11
6138,76
6139,49
614,26
6140,4
6141,65
6142,17
6143,65
6144,4
6145,9
6146,55
6147,23
6148,5
6149,11
615,52
6150,11
6151,52
6152,34
6153,81
6154,1
6155,44
6156,44
6157,11
6158,56
6159,13
616,45
6160,18
6161,25
6162,44
6163,49
6164,4
6165,66
6166,1
6167,7
6168,7
6169,12
617,72
6170,13
6171,13
6172,55
6173,4
6174,2
6175,12
6176,12
6177,21
6178,47
6179,11
618,72
6180,2
6181,35
6182,37
6183,44
6184,3
6185,81
6186,56
6187,21
6188,19
6189,5
619,55
6190,12
6191,28
6192,46
6193,28
6194,57
6195,31
6196,4
6197,12
6198,31
6199,15
62,8
620,49
6200,14
6201,12
6202,6
6203,57
6204,17
6205,68
6206,6
6207,1
6208,19
6209,5
621,56
6210,22
6211,65
6212,36
6213,1
6214,66
6215,66
6216,13
6217,22
6218,6
6219,21
622,45
6220,48
6221,74
6222,55
6223,39
6224,48
6225,37
6226,4
6227,34
6228,49
6229,38
623,49
6230,62
6231,65
6232,38
6233,3
6234,48
6235,2
6236,11
6237,23
6238,72
6239,4
624,77
6240,12
6241,66
6242,37
6243,27
6244,18
6245,1
6246,2
6247,14
6248,54
6249,51
625,59
6250,34
6251,57
6252,15
6253,33
6254,45
6255,3
6256,28
6257,57
6258,56
6259,19
626,71
6260,47
6261,6
6262,1
6263,45
6264,45
6265,17
6266,39
6267,1
6268,13
6269,36
627,79
6270,65
6271,17
6272,17
6273,12
6274,49
6275,64
6276,18
6277,13
6278,35
6279,66
628,7
6280,72
6281,46
6282,19
6283,17
6284,69
6285,21
6286,9
6287,48
6288,15
6289,8
629,53
6290,19
6291,35
6292,13
6293,9
6294,32
6295,74
6296,5
6297,39
6298,74
6299,22
63,8
630,8
6300,4
6301,21
6302,15
6303,35
6304,55
6305,28
6306,9
6307,19
6308,16
6309,41
631,57
6310,67
6311,64
6312,58
6313,19
6314,7
6315,28
6316,7
6317,79
6318,37
6319,9
632,9
6320,27
6321,65
6322,67
6323,57
6324,24
6325,41
6326,83
6327,66
6328,19
6329,17
633,26
6330,67
6331,42
6332,19
6333,65
6334,41
6335,55
6336,14
6337,11
6338,19
6339,65
634,63
6340,55
6341,31
6342,64
6343,62
6344,63
6345,6
6346,66
6347,37
6348,24
6349,21
635,75
6350,28
6351,11
6352,18
6353,56
6354,12
6355,11
6356,19
6357,16
6358,32
6359,9
636,56
6360,45
6361,7
6362,51
6363,38
6364,37
6365,37
6366,34
6367,56
6368,6
6369,22
637,63
6370,11
6371,13
6372,67
6373,4
6374,43
6375,22
6376,4
6377,6
6378,61
6379,19
638,68
6380,15
6381,34
6382,17
6383,28
6384,12
6385,65
6386,39
6387,46
6388,73
6389,41
639,78
6390,75
6391,28
6392,8
6393,56
6394,15
6395,65
6396,37
6397,1
6398,71
6399,46
64,67
640,79
6400,11
6401,12
6402,37
6403,41
6404,76
6405,21
6406,55
6407,1
6408,55
6409,51
641,68
6410,17
6411,48
6412,48
6413,3
6414,26
6415,11
6416,55
6417,15
6418,6
6419,4
642,75
6420,3
6421,21
6422,21
6423,35
6424,17
6425,21
6426,4
6427,3
6428,1
6429,13
643,66
6430,81
6431,46
6432,15
6433,55
6434,45
6435,15
6436,17
6437,21
6438,1
6439,21
644,47
6440,15
6441,55
6442,37
6443,5
6444,6
6445,17
6446,6
6447,11
6448,57
6449,41
645,77
6450,31
6451,62
6452,19
6453,28
6454,27
6455,13
6456,24
6457,17
6458,7
6459,1
646,75
6460,17
6461,66
6462,37
6463,55
6464,14
6465,6
6466,2
6467,13
6468,11
6469,65
647,72
6470,82
6471,1
6472,23
6473,19
6474,13
6475,5
6476,81
6477,64
6478,12
6479,53
648,52
6480,6
6481,12
6482,11
6483,2
6484,17
6485,11
6486,19
6487,56
6488,65
6489,61
649,75
6490,11
6491,17
6492,23
6493,11
6494,48
6495,15
6496,15
6497,65
6498,15
6499,4
65,63
650,63
6500,12
6501,26
6502,54
6503,24
6504,55
6505,81
6506,1
6507,17
6508,34
6509,71
651,3
6510,57
6511,13
6512,49
6513,31
6514,1
6515,1
6516,68
6517,17
6518,11
6519,76
652,82
6520,26
6521,35
6522,15
6523,44
6524,48
6525,11
6526,45
6527,56
6528,56
6529,22
653,3
6530,22
6531,18
6532,25
6533,11
6534,64
6535,14
6536,13
6537,3
6538,23
6539,6
654,67
6540,21
6541,5
6542,56
6543,53
6544,61
6545,2
6546,11
6547,65
6548,3
6549,76
655,49
6550,41
6551,9
6552,56
6553,1
6554,15
6555,18
6556,68
6557,21
6558,67
6559,15
656,46
6560,21
6561,66
6562,4
6563,61
6564,54
6565,37
6566,1
6567,15
6568,55
6569,11
657,72
6570,11
6571,83
6572,14
6573,66
6574,37
6575,28
6576,13
6577,32
6578,68
6579,23
658,73
6580,15
6581,64
6582,67
6583,5
6584,6
6585,19
6586,36
6587,39
6588,37
6589,28
659,63
6590,62
6591,28
6592,11
6593,5
6595,56
6596,17
6597,14
6598,15
6599,18
66,67
660,68
6600,62
6601,13
6602,2
6603,39
661,57
662,73
663,8
664,69
665,7
666,75
667,67
668,74
669,27
67,71
670,59
671,78
672,57
673,69
674,71
675,79
676,67
677,82
678,75
679,57
68,73
680,8
681,72
682,75
683,77
684,78
685,54
686,48
687,71
689,8
69,7
690,9
691,6
692,72
693,73
694,8
695,72
696,63
697,78
699,72
7,76
70,67
700,48
701,67
702,69
703,75
704,78
705,67
706,71
707,75
708,54
709,77
71,77
710,69
712,32
713,75
714,3
715,42
716,48
717,82
718,7
719,41
72,71
720,63
721,6
722,7
723,29
724,65
725,8
726,67
727,6
728,81
729,8
73,81
730,79
731,75
733,74
734,67
735,72
736,83
737,78
738,56
739,72
74,7
740,77
741,69
742,3
743,8
744,69
745,41
746,71
747,63
748,7
749,66
75,67
750,6
751,75
752,78
753,67
754,66
755,8
756,78
757,71
758,69
759,68
76,7
760,82
761,54
762,63
763,68
764,32
765,72
766,8
767,24
768,57
769,68
77,8
770,7
771,59
772,9
773,32
774,67
775,82
776,82
777,83
778,67
779,59
78,75
780,79
781,6
782,72
783,8
784,69
786,63
787,77
788,32
789,45
79,68
790,73
791,68
792,69
793,73
794,69
795,74
796,63
797,6
798,75
799,75
8,78
80,67
800,81
801,69
802,68
803,69
804,67
805,27
806,67
807,2
808,66
809,81
81,6
810,67
811,72
812,75
813,75
814,58
815,12
816,63
817,71
818,71
819,69
82,82
820,68
821,66
822,7
823,68
824,68
825,55
826,27
827,78
828,67
829,79
83,72
830,54
831,69
832,6
833,72
834,79
835,61
836,54
837,72
838,41
839,72
84,78
840,33
841,12
842,77
843,3
844,72
845,75
846,71
848,3
849,18
85,66
850,79
851,69
852,71
853,73
854,79
855,73
856,6
857,35
858,68
859,75
86,77
860,35
861,42
862,79
863,57
864,67
865,28
866,59
867,82
868,77
869,66
87,67
870,77
871,68
872,72
873,47
874,72
875,46
876,61
877,72
878,2
879,61
88,69
880,57
881,75
882,75
883,69
884,82
885,66
886,73
887,3
888,73
889,3
89,75
890,78
891,73
892,68
893,75
894,55
895,71
896,66
897,75
898,79
899,66
9,67
90,67
900,44
901,67
902,74
903,78
904,7
905,47
906,24
907,24
908,69
909,52
91,74
910,6
911,9
912,32
913,11
914,75
915,75
916,3
917,63
918,69
919,17
92,76
921,75
922,57
923,76
924,75
925,63
926,8
927,72
928,73
929,63
93,78
930,69
931,63
932,3
933,46
934,71
935,82
936,77
938,63
939,46
94,81
940,47
941,24
942,67
943,68
944,57
945,82
946,68
947,75
948,76
949,62
95,68
950,49
951,32
952,48
953,67
954,82
955,6
956,69
957,8
958,55
959,45
960,63
961,69
962,58
963,78
964,71
965,63
966,71
967,67
968,75
969,68
97,55
970,63
971,63
972,82
973,77
974,67
975,71
976,63
977,59
978,78
979,63
98,7
980,66
981,41
982,57
983,71
984,77
985,66
986,7
987,68
988,69
989,9
99,73
990,68
991,8
992,6
993,6
994,75
996,22
997,78
998,78
999,6
